0.41279650852878463	0.6829268292682927	0.024390243902439025	0.17073170731707318	0.04878048780487805	0.024390243902439025	0.04878048780487805	0
0	0.7058823529411765	0.11764705882352941	0.17647058823529413	0.0	0.0	0.0	0
0	1.0	0.0	0.0	0.0	0.0	0.0	0
0	0.7894736842105263	0.15789473684210525	0.0	0.0	0.0	0.05263157894736842	0
0.281951871657754	0.6904761904761905	0.19047619047619047	0.047619047619047616	0.047619047619047616	0.0	0.0	0
0.24021739130434783	0.7692307692307693	0.11538461538461539	0.038461538461538464	0.0	0.038461538461538464	0.0	0
0	0.8260869565217391	0.08695652173913043	0.043478260869565216	0.043478260869565216	0.0	0.0	0
0	0.8461538461538461	0.07692307692307693	0.0	0.07692307692307693	0.0	0.0	0
0.15446996667171642	0.7307692307692307	0.23076923076923078	0.0	0.0	0.038461538461538464	0.0	0
0.3343844792719919	0.7058823529411765	0.17647058823529413	0.0392156862745098	0.0196078431372549	0.0	0.0	0
0	1.0	0.0	0.0	0.0	0.0	0.0	0
0.44334705473098335	0.7636363636363637	0.12727272727272726	0.01818181818181818	0.0	0.0	0.03636363636363636	0
0	0.7692307692307693	0.0	0.23076923076923078	0.0	0.0	0.0	0
0	1.0	0.0	0.0	0.0	0.0	0.0	0
0.07720588235294118	0.8214285714285714	0.10714285714285714	0.0	0.0	0.0	0.03571428571428571	0
0	1.0	0.0	0.0	0.0	0.0	0.0	0
0	0.6666666666666666	0.3333333333333333	0.0	0.0	0.0	0.0	0
0	1.0	0.0	0.0	0.0	0.0	0.0	0
0	1.0	0.0	0.0	0.0	0.0	0.0	0
0	0.875	0.0	0.0	0.0	0.125	0.0	0
0	0.15384615384615385	0.7692307692307693	0.0	0.07692307692307693	0.0	0.0	0
0	0.8	0.1	0.0	0.1	0.0	0.0	0
0	0.8	0.1	0.03333333333333333	0.03333333333333333	0.0	0.03333333333333333	0
0.0999554367201426	0.8636363636363636	0.045454545454545456	0.045454545454545456	0.0	0.045454545454545456	0.0	0
0	0.625	0.3125	0.03125	0.0	0.0	0.0	0
0.1957038703614046	0.6944444444444444	0.25	0.0	0.0	0.0	0.027777777777777776	0
0	0.9166666666666666	0.0	0.08333333333333333	0.0	0.0	0.0	0
0	0.8571428571428571	0.07142857142857142	0.0	0.07142857142857142	0.0	0.0	0
0	0.8125	0.0625	0.0625	0.0	0.0625	0.0	0
0	0.88	0.08	0.0	0.0	0.04	0.0	0
0.1	0.75	0.08333333333333333	0.16666666666666666	0.0	0.0	0.0	0
0.4336590855247572	0.7777777777777778	0.08888888888888889	0.06666666666666667	0.0	0.0	0.0	0
0	0.8620689655172413	0.034482758620689655	0.0	0.10344827586206896	0.0	0.0	0
0.12491447728516694	0.6666666666666666	0.1111111111111111	0.1111111111111111	0.0	0.07407407407407407	0.037037037037037035	0
0.20064357666956845	0.7631578947368421	0.10526315789473684	0.02631578947368421	0.0	0.0	0.05263157894736842	0
0	0.8	0.2	0.0	0.0	0.0	0.0	0
0.24385578189926016	0.7368421052631579	0.13157894736842105	0.07894736842105263	0.0	0.0	0.0	0
0	0.5	0.5	0.0	0.0	0.0	0.0	0
0.7608653011485043	0.7735849056603774	0.14150943396226415	0.009433962264150943	0.009433962264150943	0.0	0.0	0
0.6976799242424243	0.7111111111111111	0.1111111111111111	0.06666666666666667	0.022222222222222223	0.044444444444444446	0.0	0
0	0.8125	0.125	0.0	0.0	0.0	0.0625	0
0	0.8695652173913043	0.043478260869565216	0.08695652173913043	0.0	0.0	0.0	0
0	0.8333333333333334	0.0	0.1111111111111111	0.05555555555555555	0.0	0.0	0
0.3206885026737968	0.725	0.125	0.05	0.05	0.0	0.025	0
0.28963077984817115	0.8	0.1	0.04	0.0	0.0	0.0	0
0	0.7741935483870968	0.12903225806451613	0.03225806451612903	0.06451612903225806	0.0	0.0	0
0.13083735909822866	0.9090909090909091	0.0	0.0	0.030303030303030304	0.030303030303030304	0.0	0
0.31922047062133263	0.86	0.04	0.04	0.0	0.0	0.0	0
0.6484139126886985	0.782608695652174	0.13043478260869565	0.021739130434782608	0.0	0.0	0.021739130434782608	0
0.32291666666666663	0.8571428571428571	0.047619047619047616	0.047619047619047616	0.0	0.0	0.047619047619047616	0
0.2809436274509804	0.8372093023255814	0.09302325581395349	0.0	0.0	0.023255813953488372	0.0	0
0.2878352490421456	0.717948717948718	0.10256410256410256	0.02564102564102564	0.10256410256410256	0.0	0.02564102564102564	0
0.29592190562339815	0.82	0.06	0.04	0.0	0.04	0.02	0
0.6134302490096208	0.8421052631578947	0.042105263157894736	0.0	0.031578947368421054	0.0	0.0	0
0	0.875	0.0	0.0625	0.0	0.0625	0.0	0
0	0.8181818181818182	0.09090909090909091	0.0	0.030303030303030304	0.0	0.0	0
0.31074983720756283	0.6578947368421053	0.2894736842105263	0.0	0.0	0.02631578947368421	0.0	0
0	0.9090909090909091	0.0	0.0	0.09090909090909091	0.0	0.0	0
0.13225371120107962	0.8275862068965517	0.034482758620689655	0.06896551724137931	0.0	0.06896551724137931	0.0	0
0	0.7692307692307693	0.07692307692307693	0.15384615384615385	0.0	0.0	0.0	0
0.35366718657159835	0.725	0.075	0.075	0.05	0.0	0.025	0
0.36284290890269155	0.8	0.125	0.0	0.0	0.025	0.025	0
0	0.8333333333333334	0.05555555555555555	0.1111111111111111	0.0	0.0	0.0	0
0	0.8709677419354839	0.03225806451612903	0.0	0.0	0.03225806451612903	0.06451612903225806	0
0	0.9047619047619048	0.0	0.09523809523809523	0.0	0.0	0.0	0
0	0.8125	0.0625	0.0	0.0	0.125	0.0	0
0.34016544117647063	0.8064516129032258	0.03225806451612903	0.0	0.12903225806451613	0.0	0.03225806451612903	0
0	0.8636363636363636	0.0	0.045454545454545456	0.0	0.09090909090909091	0.0	0
0	0.8571428571428571	0.047619047619047616	0.0	0.0	0.09523809523809523	0.0	0
0	0.8260869565217391	0.08695652173913043	0.043478260869565216	0.0	0.0	0.0	0
0	0.6666666666666666	0.20833333333333334	0.0	0.041666666666666664	0.08333333333333333	0.0	0
0.13663159229208927	0.8148148148148148	0.1111111111111111	0.0	0.037037037037037035	0.0	0.0	0
0.3858967391304348	0.8484848484848485	0.030303030303030304	0.030303030303030304	0.030303030303030304	0.030303030303030304	0.0	0
0	0.8636363636363636	0.022727272727272728	0.045454545454545456	0.022727272727272728	0.045454545454545456	0.0	0
0.438804863746501	0.7857142857142857	0.11904761904761904	0.023809523809523808	0.0	0.0	0.023809523809523808	0
0	0.8275862068965517	0.13793103448275862	0.034482758620689655	0.0	0.0	0.0	0
0	0.7777777777777778	0.1111111111111111	0.0	0.1111111111111111	0.0	0.0	0
0.3441425120772947	0.7941176470588235	0.11764705882352941	0.0	0.0	0.0	0.029411764705882353	0
0.28125	0.8125	0.0625	0.0625	0.0	0.0	0.0625	0
0	0.8846153846153846	0.038461538461538464	0.0	0.0	0.0	0.038461538461538464	0
0.2615506156696088	0.7777777777777778	0.1388888888888889	0.0	0.0	0.0	0.0	0
0.5242271482893974	0.8085106382978723	0.0851063829787234	0.02127659574468085	0.02127659574468085	0.0	0.0	0
0	0.8235294117647058	0.0	0.17647058823529413	0.0	0.0	0.0	0
0	0.8636363636363636	0.045454545454545456	0.0	0.09090909090909091	0.0	0.0	0
0.307183908045977	0.7857142857142857	0.0	0.0	0.10714285714285714	0.0	0.0	0
0.33767752715121135	0.7586206896551724	0.1724137931034483	0.0	0.0	0.034482758620689655	0.0	0
0	0.8421052631578947	0.0	0.10526315789473684	0.0	0.05263157894736842	0.0	0
0.6914320273850468	0.6976744186046512	0.16279069767441862	0.046511627906976744	0.046511627906976744	0.023255813953488372	0.0	0
0	0.8	0.08571428571428572	0.02857142857142857	0.0	0.02857142857142857	0.0	0
0	0.8461538461538461	0.07692307692307693	0.0	0.07692307692307693	0.0	0.0	0
0	0.8461538461538461	0.07692307692307693	0.07692307692307693	0.0	0.0	0.0	0
0.2687229437229437	0.7352941176470589	0.17647058823529413	0.029411764705882353	0.0	0.058823529411764705	0.0	0
0.12412587412587411	0.803921568627451	0.13725490196078433	0.0	0.0	0.0	0.0392156862745098	0
0.4223856209150327	0.7323943661971831	0.15492957746478872	0.056338028169014086	0.014084507042253521	0.0	0.0	0
0	0.7368421052631579	0.10526315789473684	0.15789473684210525	0.0	0.0	0.0	0
0.2555413986975691	0.8571428571428571	0.05714285714285714	0.02857142857142857	0.0	0.0	0.0	0
0.18213776963776962	0.825	0.1	0.025	0.0	0.0	0.025	0
0	0.7142857142857143	0.14285714285714285	0.047619047619047616	0.0	0.0	0.047619047619047616	0
0.12464331443204682	0.7857142857142857	0.03571428571428571	0.10714285714285714	0.03571428571428571	0.0	0.0	0
0	0.7894736842105263	0.13157894736842105	0.02631578947368421	0.0	0.02631578947368421	0.0	0
0.3348239123177924	0.7142857142857143	0.17142857142857143	0.02857142857142857	0.02857142857142857	0.0	0.0	0
0	0.8	0.14285714285714285	0.0	0.02857142857142857	0.0	0.02857142857142857	0
0	0.8333333333333334	0.0	0.16666666666666666	0.0	0.0	0.0	0
0	0.782608695652174	0.08695652173913043	0.08695652173913043	0.0	0.043478260869565216	0.0	0
0.8177501257654615	0.7586206896551724	0.034482758620689655	0.10344827586206896	0.0	0.034482758620689655	0.0	0
0	0.8205128205128205	0.05128205128205128	0.02564102564102564	0.02564102564102564	0.07692307692307693	0.0	0
0.2687229437229437	0.7647058823529411	0.17647058823529413	0.0	0.0	0.0	0.058823529411764705	0
0.3352237215909091	0.8076923076923077	0.07692307692307693	0.057692307692307696	0.0	0.019230769230769232	0.019230769230769232	0
0.5961775362318841	0.7021276595744681	0.1276595744680851	0.0851063829787234	0.02127659574468085	0.02127659574468085	0.0	0
0.5330212757169979	0.8	0.0375	0.075	0.025	0.0	0.0	0
0	0.8529411764705882	0.058823529411764705	0.029411764705882353	0.0	0.058823529411764705	0.0	0
0	0.6666666666666666	0.3333333333333333	0.0	0.0	0.0	0.0	0
0.4506706399779272	0.8103448275862069	0.034482758620689655	0.08620689655172414	0.0	0.0	0.0	0
0	0.875	0.0	0.125	0.0	0.0	0.0	0
0	0.7	0.3	0.0	0.0	0.0	0.0	0
0.26978291316526615	0.8372093023255814	0.023255813953488372	0.06976744186046512	0.0	0.0	0.023255813953488372	0
0	0.9166666666666666	0.0	0.08333333333333333	0.0	0.0	0.0	0
0	0.85	0.1	0.0	0.0	0.05	0.0	0
0	0.88	0.0	0.12	0.0	0.0	0.0	0
0	0.8	0.1	0.0	0.1	0.0	0.0	0
0.17965668925068257	0.85	0.0	0.05	0.1	0.0	0.0	0
0.4719866071428571	0.7058823529411765	0.17647058823529413	0.0	0.11764705882352941	0.0	0.0	0
0.30076241562198647	0.7941176470588235	0.11764705882352941	0.0	0.0	0.0	0.029411764705882353	0
0.5076316550925926	0.6470588235294118	0.17647058823529413	0.11764705882352941	0.0	0.058823529411764705	0.0	0
0.2589442815249267	0.7843137254901961	0.058823529411764705	0.0392156862745098	0.0196078431372549	0.0392156862745098	0.0196078431372549	0
0	0.7931034482758621	0.06896551724137931	0.034482758620689655	0.0	0.034482758620689655	0.06896551724137931	0
0.24202797202797202	0.75	0.16666666666666666	0.05555555555555555	0.0	0.027777777777777776	0.0	0
0.24501287001287003	0.7380952380952381	0.09523809523809523	0.07142857142857142	0.047619047619047616	0.047619047619047616	0.0	0
0.2217261904761905	0.8076923076923077	0.07692307692307693	0.038461538461538464	0.038461538461538464	0.0	0.0	0
0	0.75	0.16666666666666666	0.0	0.08333333333333333	0.0	0.0	0
0.35135337643429876	0.8	0.044444444444444446	0.08888888888888889	0.0	0.0	0.0	0
0	0.8888888888888888	0.0	0.07407407407407407	0.037037037037037035	0.0	0.0	0
0	0.8823529411764706	0.058823529411764705	0.058823529411764705	0.0	0.0	0.0	0
0	0.8695652173913043	0.08695652173913043	0.0	0.0	0.043478260869565216	0.0	0
0	0.8	0.2	0.0	0.0	0.0	0.0	0
0	0.75	0.125	0.0	0.125	0.0	0.0	0
0.24369111280875988	0.7368421052631579	0.15789473684210525	0.0	0.0	0.0	0.0	0
0.3966324801309023	0.7368421052631579	0.15789473684210525	0.0	0.0	0.10526315789473684	0.0	0
0.09968734968734969	0.8636363636363636	0.09090909090909091	0.045454545454545456	0.0	0.0	0.0	0
0.5170200892857142	0.6551724137931034	0.20689655172413793	0.034482758620689655	0.034482758620689655	0.06896551724137931	0.0	0
0	0.8	0.06666666666666667	0.13333333333333333	0.0	0.0	0.0	0
0	0.8275862068965517	0.0	0.06896551724137931	0.06896551724137931	0.0	0.034482758620689655	0
0	0.7272727272727273	0.09090909090909091	0.0	0.18181818181818182	0.0	0.0	0
0.754993503376589	0.7333333333333333	0.05	0.08333333333333333	0.05	0.0	0.0	0
0.09257602862254025	0.88	0.0	0.0	0.04	0.04	0.0	0
0.16618663594470046	0.8378378378378378	0.05405405405405406	0.05405405405405406	0.0	0.02702702702702703	0.0	0
0	0.7948717948717948	0.1282051282051282	0.02564102564102564	0.02564102564102564	0.0	0.02564102564102564	0
0	0.6363636363636364	0.2727272727272727	0.0	0.09090909090909091	0.0	0.0	0
0.13329562594268476	0.6666666666666666	0.23809523809523808	0.0	0.09523809523809523	0.0	0.0	0
0.19169278996865205	0.7916666666666666	0.125	0.0	0.0	0.0	0.041666666666666664	0
0	0.9047619047619048	0.0	0.09523809523809523	0.0	0.0	0.0	0
0.6370383522727272	0.7142857142857143	0.11904761904761904	0.023809523809523808	0.047619047619047616	0.047619047619047616	0.023809523809523808	0
0	0.8260869565217391	0.13043478260869565	0.043478260869565216	0.0	0.0	0.0	0
0	0.7727272727272727	0.09090909090909091	0.0	0.09090909090909091	0.0	0.045454545454545456	0
0	0.8	0.08	0.04	0.0	0.0	0.08	0
0	0.7727272727272727	0.13636363636363635	0.09090909090909091	0.0	0.0	0.0	0
1.3178267045454546	0.6388888888888888	0.08333333333333333	0.1111111111111111	0.0	0.05555555555555555	0.0	0
0	0.8	0.0	0.15	0.05	0.0	0.0	0
0.18628072005829358	0.7586206896551724	0.08620689655172414	0.05172413793103448	0.0	0.0	0.034482758620689655	0
0.25236583042235633	0.7741935483870968	0.06451612903225806	0.0	0.06451612903225806	0.03225806451612903	0.0	0
0	0.8666666666666667	0.13333333333333333	0.0	0.0	0.0	0.0	0
0	0.8095238095238095	0.14285714285714285	0.047619047619047616	0.0	0.0	0.0	0
0	0.8636363636363636	0.09090909090909091	0.0	0.0	0.045454545454545456	0.0	0
0	0.7857142857142857	0.14285714285714285	0.0	0.07142857142857142	0.0	0.0	0
0.26271739130434785	0.8461538461538461	0.038461538461538464	0.038461538461538464	0.038461538461538464	0.038461538461538464	0.0	0
0	0.6875	0.1875	0.0	0.125	0.0	0.0	0
0	0.8709677419354839	0.03225806451612903	0.03225806451612903	0.03225806451612903	0.0	0.03225806451612903	0
0.5484135465801887	0.6086956521739131	0.2391304347826087	0.043478260869565216	0.043478260869565216	0.0	0.0	0
0.13329562594268476	0.65	0.25	0.0	0.1	0.0	0.0	0
0	0.8571428571428571	0.0	0.14285714285714285	0.0	0.0	0.0	0
0.35382616314069487	0.6410256410256411	0.2564102564102564	0.02564102564102564	0.0	0.02564102564102564	0.02564102564102564	0
0	0.8333333333333334	0.03333333333333333	0.06666666666666667	0.03333333333333333	0.0	0.03333333333333333	0
0	0.5454545454545454	0.36363636363636365	0.0	0.09090909090909091	0.0	0.0	0
0	0.85	0.05	0.05	0.05	0.0	0.0	0
0	0.8571428571428571	0.14285714285714285	0.0	0.0	0.0	0.0	0
1.028330359198646	0.7592592592592593	0.037037037037037035	0.1111111111111111	0.018518518518518517	0.018518518518518517	0.0	0
0	0.8571428571428571	0.09523809523809523	0.047619047619047616	0.0	0.0	0.0	0
0	0.9090909090909091	0.045454545454545456	0.0	0.045454545454545456	0.0	0.0	0
0	0.7368421052631579	0.15789473684210525	0.0	0.05263157894736842	0.0	0.05263157894736842	0
1.0065079126602565	0.375	0.4375	0.0	0.0625	0.0	0.125	0
0	0.8823529411764706	0.058823529411764705	0.0	0.058823529411764705	0.0	0.0	0
0	0.8	0.15	0.05	0.0	0.0	0.0	0
0	0.9411764705882353	0.0	0.058823529411764705	0.0	0.0	0.0	0
0.3768919541325202	0.7941176470588235	0.058823529411764705	0.029411764705882353	0.029411764705882353	0.0	0.058823529411764705	0
0	0.75	0.16666666666666666	0.0	0.08333333333333333	0.0	0.0	0
0	0.8275862068965517	0.06896551724137931	0.0	0.06896551724137931	0.034482758620689655	0.0	0
0	0.7894736842105263	0.05263157894736842	0.05263157894736842	0.0	0.0	0.10526315789473684	0
1.028330359198646	0.7592592592592593	0.037037037037037035	0.1111111111111111	0.018518518518518517	0.018518518518518517	0.0	0
0.47699169058876506	0.6486486486486487	0.21621621621621623	0.05405405405405406	0.02702702702702703	0.0	0.0	0
0.5893220655024324	0.6458333333333334	0.08333333333333333	0.125	0.0625	0.041666666666666664	0.0	0
0.4074907459053801	0.84	0.08	0.0	0.0	0.0	0.08	0
0.5910006393861893	0.7631578947368421	0.06578947368421052	0.02631578947368421	0.039473684210526314	0.05263157894736842	0.02631578947368421	0
0	1.0	0.0	0.0	0.0	0.0	0.0	0
0	0.8333333333333334	0.0	0.16666666666666666	0.0	0.0	0.0	0
0	0.6666666666666666	0.3333333333333333	0.0	0.0	0.0	0.0	0
0	0.8666666666666667	0.13333333333333333	0.0	0.0	0.0	0.0	0
0.4825251645373596	0.7619047619047619	0.11904761904761904	0.047619047619047616	0.0	0.0	0.023809523809523808	0
0	0.7333333333333333	0.26666666666666666	0.0	0.0	0.0	0.0	0
0	0.9090909090909091	0.0	0.0	0.0	0.09090909090909091	0.0	0
0	0.8421052631578947	0.10526315789473684	0.05263157894736842	0.0	0.0	0.0	0
0.22352372390482148	0.6756756756756757	0.24324324324324326	0.02702702702702703	0.0	0.02702702702702703	0.0	0
0.6896311406213296	0.8648648648648649	0.02702702702702703	0.02702702702702703	0.02702702702702703	0.02702702702702703	0.0	0
0	0.75	0.17857142857142858	0.0	0.0	0.03571428571428571	0.0	0
0.34942462032349675	0.8297872340425532	0.06382978723404255	0.0	0.0	0.0	0.0425531914893617	0
0	0.8823529411764706	0.0	0.11764705882352941	0.0	0.0	0.0	0
0.0806159420289855	0.6875	0.25	0.03125	0.0	0.0	0.03125	0
0.5034579726123305	0.48148148148148145	0.4074074074074074	0.0	0.037037037037037035	0.037037037037037035	0.0	0
0	0.8148148148148148	0.1111111111111111	0.0	0.0	0.037037037037037035	0.0	0
0.3113171703848139	0.8421052631578947	0.10526315789473684	0.0	0.0	0.05263157894736842	0.0	0
0.31704911629723664	0.6935483870967742	0.1935483870967742	0.03225806451612903	0.03225806451612903	0.0	0.0	0
0	0.9047619047619048	0.09523809523809523	0.0	0.0	0.0	0.0	0
0	0.8181818181818182	0.09090909090909091	0.0	0.09090909090909091	0.0	0.0	0
0.1503623188405797	0.8	0.15	0.05	0.0	0.0	0.0	0
0	0.6875	0.25	0.0625	0.0	0.0	0.0	0
0	0.875	0.0625	0.0	0.0625	0.0	0.0	0
0.023809523809523808	0.8	0.06666666666666667	0.0	0.13333333333333333	0.0	0.0	0
0.4700520833333333	0.7222222222222222	0.16666666666666666	0.013888888888888888	0.041666666666666664	0.013888888888888888	0.0	0
0	0.7619047619047619	0.11904761904761904	0.0	0.047619047619047616	0.023809523809523808	0.0	0
0	0.8636363636363636	0.045454545454545456	0.0	0.0	0.09090909090909091	0.0	0
0.3802761836441894	0.734375	0.125	0.046875	0.0	0.015625	0.03125	0
0.3018921526586621	0.7906976744186046	0.046511627906976744	0.023255813953488372	0.06976744186046512	0.0	0.046511627906976744	0
0	0.7741935483870968	0.12903225806451613	0.0	0.03225806451612903	0.03225806451612903	0.0	0
0	0.8823529411764706	0.0	0.11764705882352941	0.0	0.0	0.0	0
0	0.6818181818181818	0.18181818181818182	0.09090909090909091	0.045454545454545456	0.0	0.0	0
0	0.75	0.16666666666666666	0.0	0.08333333333333333	0.0	0.0	0
0	0.8	0.1	0.0	0.0	0.1	0.0	0
0	0.8461538461538461	0.07692307692307693	0.0	0.07692307692307693	0.0	0.0	0
0	0.45454545454545453	0.45454545454545453	0.0	0.0	0.0	0.09090909090909091	0
0	0.7647058823529411	0.058823529411764705	0.11764705882352941	0.0	0.029411764705882353	0.029411764705882353	0
0	0.7619047619047619	0.19047619047619047	0.0	0.047619047619047616	0.0	0.0	0
0	0.9090909090909091	0.09090909090909091	0.0	0.0	0.0	0.0	0
0	0.75	0.2	0.05	0.0	0.0	0.0	0
0	0.7096774193548387	0.12903225806451613	0.0967741935483871	0.03225806451612903	0.0	0.0	0
0	0.7	0.2	0.0	0.0	0.1	0.0	0
0	0.8695652173913043	0.043478260869565216	0.043478260869565216	0.043478260869565216	0.0	0.0	0
0	0.7619047619047619	0.19047619047619047	0.047619047619047616	0.0	0.0	0.0	0
0	0.7727272727272727	0.18181818181818182	0.0	0.0	0.0	0.045454545454545456	0
0	0.8461538461538461	0.07692307692307693	0.038461538461538464	0.0	0.038461538461538464	0.0	0
0	0.7297297297297297	0.13513513513513514	0.08108108108108109	0.0	0.02702702702702703	0.02702702702702703	0
0	0.8571428571428571	0.14285714285714285	0.0	0.0	0.0	0.0	0
0	0.8695652173913043	0.043478260869565216	0.0	0.043478260869565216	0.0	0.043478260869565216	0
0	0.8571428571428571	0.14285714285714285	0.0	0.0	0.0	0.0	0
0	0.875	0.041666666666666664	0.041666666666666664	0.041666666666666664	0.0	0.0	0
0	0.8260869565217391	0.08695652173913043	0.0	0.043478260869565216	0.043478260869565216	0.0	0
0.0777027027027027	0.8157894736842105	0.0	0.13157894736842105	0.0	0.0	0.02631578947368421	0
0	0.7647058823529411	0.058823529411764705	0.11764705882352941	0.0	0.058823529411764705	0.0	0
0	0.84375	0.0	0.09375	0.0	0.0625	0.0	0
0	1.0	0.0	0.0	0.0	0.0	0.0	0
0	0.7058823529411765	0.0	0.17647058823529413	0.11764705882352941	0.0	0.0	0
0	1.0	0.0	0.0	0.0	0.0	0.0	0
0	0.88	0.08	0.0	0.0	0.04	0.0	0
0.3493059920385502	0.7391304347826086	0.08695652173913043	0.0	0.08695652173913043	0.08695652173913043	0.0	0
0	0.9090909090909091	0.0	0.09090909090909091	0.0	0.0	0.0	0
0	1.0	0.0	0.0	0.0	0.0	0.0	0
0.28438346883468835	0.8148148148148148	0.07407407407407407	0.037037037037037035	0.0	0.037037037037037035	0.0	0
0	0.8461538461538461	0.15384615384615385	0.0	0.0	0.0	0.0	0
0	0.875	0.125	0.0	0.0	0.0	0.0	0
0	1.0	0.0	0.0	0.0	0.0	0.0	0
0	0.75	0.16666666666666666	0.0	0.08333333333333333	0.0	0.0	0
0	0.9130434782608695	0.043478260869565216	0.043478260869565216	0.0	0.0	0.0	0
0.1927635719905586	0.8709677419354839	0.03225806451612903	0.03225806451612903	0.03225806451612903	0.03225806451612903	0.0	0
0.2181299439294682	0.8636363636363636	0.022727272727272728	0.0	0.045454545454545456	0.0	0.022727272727272728	0
0.4490918803418803	0.7857142857142857	0.047619047619047616	0.023809523809523808	0.023809523809523808	0.047619047619047616	0.023809523809523808	0
0	0.8235294117647058	0.11764705882352941	0.058823529411764705	0.0	0.0	0.0	0
0	0.4444444444444444	0.2222222222222222	0.3333333333333333	0.0	0.0	0.0	0
0.4406930002934888	0.7857142857142857	0.023809523809523808	0.09523809523809523	0.047619047619047616	0.0	0.0	0
0.2272615315718764	0.7735849056603774	0.07547169811320754	0.03773584905660377	0.03773584905660377	0.018867924528301886	0.018867924528301886	0
0.35334218146718144	0.7627118644067796	0.0847457627118644	0.01694915254237288	0.06779661016949153	0.03389830508474576	0.0	0
0	0.8461538461538461	0.15384615384615385	0.0	0.0	0.0	0.0	0
0	0.875	0.0625	0.0625	0.0	0.0	0.0	0
0	0.75	0.08333333333333333	0.16666666666666666	0.0	0.0	0.0	0
0.23900945156075115	0.7692307692307693	0.05128205128205128	0.10256410256410256	0.0	0.0	0.0	0
0	0.9	0.0	0.1	0.0	0.0	0.0	0
0.3039066152407667	0.7241379310344828	0.1724137931034483	0.034482758620689655	0.0	0.034482758620689655	0.0	0
0.2846974021676181	0.7906976744186046	0.06976744186046512	0.09302325581395349	0.0	0.0	0.0	0
0	0.7567567567567568	0.13513513513513514	0.02702702702702703	0.0	0.05405405405405406	0.0	0
0	1.0	0.0	0.0	0.0	0.0	0.0	0
0	0.7647058823529411	0.11764705882352941	0.058823529411764705	0.058823529411764705	0.0	0.0	0
0	0.75	0.08333333333333333	0.16666666666666666	0.0	0.0	0.0	0
0.2706092380005424	0.84	0.08	0.0	0.0	0.0	0.0	0
0	0.8529411764705882	0.058823529411764705	0.0	0.029411764705882353	0.0	0.029411764705882353	0
0	0.8333333333333334	0.05555555555555555	0.1111111111111111	0.0	0.0	0.0	0
0	0.6875	0.3125	0.0	0.0	0.0	0.0	0
0	0.6875	0.3125	0.0	0.0	0.0	0.0	0
0	0.8823529411764706	0.058823529411764705	0.0	0.058823529411764705	0.0	0.0	0
0.5750401526664825	0.717948717948718	0.15384615384615385	0.05128205128205128	0.02564102564102564	0.0	0.02564102564102564	0
0	1.0	0.0	0.0	0.0	0.0	0.0	0
0	0.8181818181818182	0.045454545454545456	0.09090909090909091	0.045454545454545456	0.0	0.0	0
0.296057734929078	0.8529411764705882	0.0	0.0	0.058823529411764705	0.0	0.029411764705882353	0
0.35190149391922326	0.7349397590361446	0.0963855421686747	0.07228915662650602	0.012048192771084338	0.012048192771084338	0.0	0
0	0.7222222222222222	0.2222222222222222	0.05555555555555555	0.0	0.0	0.0	0
0	0.6666666666666666	0.3333333333333333	0.0	0.0	0.0	0.0	0
0	1.0	0.0	0.0	0.0	0.0	0.0	0
0	1.0	0.0	0.0	0.0	0.0	0.0	0
0	0.9090909090909091	0.0	0.045454545454545456	0.0	0.0	0.045454545454545456	0
0	0.8823529411764706	0.11764705882352941	0.0	0.0	0.0	0.0	0
0.9914295014880952	0.7	0.05	0.15	0.0	0.0	0.1	0
0	0.7058823529411765	0.058823529411764705	0.17647058823529413	0.0	0.058823529411764705	0.0	0
0	0.7058823529411765	0.17647058823529413	0.11764705882352941	0.0	0.0	0.0	0
0	0.7391304347826086	0.21739130434782608	0.043478260869565216	0.0	0.0	0.0	0
0	0.8823529411764706	0.0	0.0	0.058823529411764705	0.058823529411764705	0.0	0
0	0.9090909090909091	0.0	0.09090909090909091	0.0	0.0	0.0	0
0	0.8666666666666667	0.13333333333333333	0.0	0.0	0.0	0.0	0
0	0.8421052631578947	0.15789473684210525	0.0	0.0	0.0	0.0	0
0	0.8947368421052632	0.05263157894736842	0.05263157894736842	0.0	0.0	0.0	0
0.8885432480788941	0.6164383561643836	0.1232876712328767	0.1232876712328767	0.0136986301369863	0.0410958904109589	0.0136986301369863	0
0.26340339892665476	0.6923076923076923	0.23076923076923078	0.0	0.038461538461538464	0.0	0.038461538461538464	0
0	0.8333333333333334	0.16666666666666666	0.0	0.0	0.0	0.0	0
0	0.8095238095238095	0.09523809523809523	0.0	0.047619047619047616	0.0	0.0	0
0	0.8571428571428571	0.0	0.0	0.14285714285714285	0.0	0.0	0
0	0.8333333333333334	0.16666666666666666	0.0	0.0	0.0	0.0	0
0	0.8333333333333334	0.16666666666666666	0.0	0.0	0.0	0.0	0
0	0.3	0.5	0.0	0.2	0.0	0.0	0
0	1.0	0.0	0.0	0.0	0.0	0.0	0
0	0.8461538461538461	0.07692307692307693	0.0	0.07692307692307693	0.0	0.0	0
0	0.75	0.25	0.0	0.0	0.0	0.0	0
0	0.7368421052631579	0.2631578947368421	0.0	0.0	0.0	0.0	0
0	0.9444444444444444	0.05555555555555555	0.0	0.0	0.0	0.0	0
0	0.8125	0.125	0.0	0.0	0.0	0.0625	0
0	0.7777777777777778	0.1111111111111111	0.0	0.0	0.0	0.05555555555555555	0
0	0.8125	0.1875	0.0	0.0	0.0	0.0	0
0.12906162464985996	0.8837209302325582	0.0	0.0	0.0	0.09302325581395349	0.0	0
0	0.8235294117647058	0.058823529411764705	0.0	0.0	0.058823529411764705	0.0	0
0	0.8148148148148148	0.1111111111111111	0.0	0.0	0.0	0.0	0
0	0.7777777777777778	0.05555555555555555	0.05555555555555555	0.1111111111111111	0.0	0.0	0
0	0.7857142857142857	0.21428571428571427	0.0	0.0	0.0	0.0	0
0	0.8	0.08	0.08	0.0	0.0	0.04	0
0	0.7804878048780488	0.12195121951219512	0.024390243902439025	0.0	0.0	0.0	0
0	0.6	0.2	0.0	0.0	0.2	0.0	0
0	0.6428571428571429	0.21428571428571427	0.0	0.14285714285714285	0.0	0.0	0
0	0.65625	0.1875	0.09375	0.0625	0.0	0.0	0
0	0.7777777777777778	0.0	0.2222222222222222	0.0	0.0	0.0	0
0	0.8461538461538461	0.07692307692307693	0.0	0.07692307692307693	0.0	0.0	0
0	0.5	0.3	0.0	0.2	0.0	0.0	0
0	0.45454545454545453	0.36363636363636365	0.0	0.18181818181818182	0.0	0.0	0
0	1.0	0.0	0.0	0.0	0.0	0.0	0
0	0.8181818181818182	0.13636363636363635	0.0	0.0	0.045454545454545456	0.0	0
0	0.7777777777777778	0.1111111111111111	0.1111111111111111	0.0	0.0	0.0	0
0	1.0	0.0	0.0	0.0	0.0	0.0	0
0	0.72	0.16	0.0	0.0	0.08	0.0	0
0	0.8421052631578947	0.10526315789473684	0.05263157894736842	0.0	0.0	0.0	0
0	0.88	0.04	0.04	0.0	0.04	0.0	0
0	0.8095238095238095	0.09523809523809523	0.047619047619047616	0.0	0.047619047619047616	0.0	0
0.10357598978288633	0.8333333333333334	0.05555555555555555	0.027777777777777776	0.027777777777777776	0.0	0.027777777777777776	0
0	0.7272727272727273	0.09090909090909091	0.13636363636363635	0.0	0.045454545454545456	0.0	0
0	0.8	0.05	0.05	0.1	0.0	0.0	0
0	0.875	0.041666666666666664	0.041666666666666664	0.0	0.041666666666666664	0.0	0
0	0.8	0.1	0.0	0.1	0.0	0.0	0
0	0.8260869565217391	0.043478260869565216	0.043478260869565216	0.0	0.043478260869565216	0.0	0
0	0.8181818181818182	0.18181818181818182	0.0	0.0	0.0	0.0	0
0	0.8181818181818182	0.0	0.18181818181818182	0.0	0.0	0.0	0
0	0.8125	0.0625	0.0	0.125	0.0	0.0	0
0.12778688524590165	0.7857142857142857	0.07142857142857142	0.07142857142857142	0.0	0.03571428571428571	0.0	0
0	0.5882352941176471	0.23529411764705882	0.0	0.17647058823529413	0.0	0.0	0
0	1.0	0.0	0.0	0.0	0.0	0.0	0
0	0.9047619047619048	0.047619047619047616	0.0	0.047619047619047616	0.0	0.0	0
0	0.875	0.125	0.0	0.0	0.0	0.0	0
0	0.8518518518518519	0.037037037037037035	0.07407407407407407	0.037037037037037035	0.0	0.0	0
0	0.9166666666666666	0.0	0.08333333333333333	0.0	0.0	0.0	0
0	0.7272727272727273	0.09090909090909091	0.18181818181818182	0.0	0.0	0.0	0
0.49345091681574244	0.75	0.07142857142857142	0.07142857142857142	0.0	0.03571428571428571	0.0	0
0	0.8461538461538461	0.038461538461538464	0.07692307692307693	0.0	0.038461538461538464	0.0	0
0	1.0	0.0	0.0	0.0	0.0	0.0	0
0.4230013020833333	0.6551724137931034	0.2413793103448276	0.0	0.0	0.034482758620689655	0.034482758620689655	0
0	0.7692307692307693	0.07692307692307693	0.15384615384615385	0.0	0.0	0.0	0
0	0.7586206896551724	0.1724137931034483	0.0	0.0	0.034482758620689655	0.034482758620689655	0
0	0.84	0.04	0.04	0.04	0.0	0.04	0
0	0.84	0.08	0.0	0.0	0.0	0.08	0
0	0.7647058823529411	0.11764705882352941	0.11764705882352941	0.0	0.0	0.0	0
0	0.8461538461538461	0.07692307692307693	0.0	0.038461538461538464	0.0	0.0	0
0.36213747294960597	0.8461538461538461	0.07692307692307693	0.0	0.02564102564102564	0.0	0.0	0
0.20244977597918773	0.6666666666666666	0.08333333333333333	0.125	0.08333333333333333	0.041666666666666664	0.0	0
0	0.7368421052631579	0.15789473684210525	0.10526315789473684	0.0	0.0	0.0	0
0	0.2857142857142857	0.42857142857142855	0.0	0.2857142857142857	0.0	0.0	0
0	0.8695652173913043	0.043478260869565216	0.08695652173913043	0.0	0.0	0.0	0
0	0.7894736842105263	0.10526315789473684	0.0	0.05263157894736842	0.0	0.0	0
0	0.6551724137931034	0.20689655172413793	0.034482758620689655	0.034482758620689655	0.0	0.06896551724137931	0
0	1.0	0.0	0.0	0.0	0.0	0.0	0
0	0.75	0.1	0.05	0.0	0.1	0.0	0
0.5660906363224638	0.6304347826086957	0.2826086956521739	0.021739130434782608	0.021739130434782608	0.0	0.0	0
0	0.8666666666666667	0.0	0.0	0.0	0.13333333333333333	0.0	0
0	0.7619047619047619	0.09523809523809523	0.14285714285714285	0.0	0.0	0.0	0
0.5916193181818181	0.7222222222222222	0.16666666666666666	0.0	0.0	0.0	0.0	0
0.5009032362227325	0.6774193548387096	0.22580645161290322	0.03225806451612903	0.0	0.0	0.0	0
0	0.7857142857142857	0.0	0.21428571428571427	0.0	0.0	0.0	0
0	0.6	0.2	0.2	0.0	0.0	0.0	0
0	1.0	0.0	0.0	0.0	0.0	0.0	0
0	0.8333333333333334	0.08333333333333333	0.0	0.08333333333333333	0.0	0.0	0
0	1.0	0.0	0.0	0.0	0.0	0.0	0
0	0.8	0.06666666666666667	0.06666666666666667	0.0	0.06666666666666667	0.0	0
0	1.0	0.0	0.0	0.0	0.0	0.0	0
0.21110774818401937	0.74	0.16	0.02	0.04	0.0	0.0	0
0	0.8275862068965517	0.0	0.10344827586206896	0.034482758620689655	0.034482758620689655	0.0	0
0.33365384615384613	0.813953488372093	0.06976744186046512	0.0	0.0	0.046511627906976744	0.0	0
0	0.8064516129032258	0.0967741935483871	0.06451612903225806	0.03225806451612903	0.0	0.0	0
0	0.88	0.04	0.0	0.08	0.0	0.0	0
0	0.8888888888888888	0.1111111111111111	0.0	0.0	0.0	0.0	0
0	0.7741935483870968	0.0967741935483871	0.12903225806451613	0.0	0.0	0.0	0
0	0.8125	0.1875	0.0	0.0	0.0	0.0	0
0	1.0	0.0	0.0	0.0	0.0	0.0	0
0	0.7647058823529411	0.11764705882352941	0.11764705882352941	0.0	0.0	0.0	0
0	0.8571428571428571	0.0	0.14285714285714285	0.0	0.0	0.0	0
0	0.6666666666666666	0.3333333333333333	0.0	0.0	0.0	0.0	0
0	0.7777777777777778	0.14814814814814814	0.0	0.07407407407407407	0.0	0.0	0
0	0.8636363636363636	0.09090909090909091	0.045454545454545456	0.0	0.0	0.0	0
0.12691554776259217	0.8571428571428571	0.07142857142857142	0.023809523809523808	0.0	0.023809523809523808	0.0	0
0.1130722114764668	0.8928571428571429	0.0	0.0	0.03571428571428571	0.0	0.03571428571428571	0
0.20888157894736842	0.6363636363636364	0.18181818181818182	0.13636363636363635	0.0	0.045454545454545456	0.0	0
0	0.7058823529411765	0.058823529411764705	0.17647058823529413	0.058823529411764705	0.0	0.0	0
0	0.8076923076923077	0.11538461538461539	0.038461538461538464	0.038461538461538464	0.0	0.0	0
0	0.8235294117647058	0.17647058823529413	0.0	0.0	0.0	0.0	0
0	0.8064516129032258	0.06451612903225806	0.03225806451612903	0.06451612903225806	0.0	0.03225806451612903	0
0.31994047619047616	0.7311827956989247	0.10752688172043011	0.07526881720430108	0.03225806451612903	0.0	0.0	0
0	0.8461538461538461	0.07692307692307693	0.0	0.07692307692307693	0.0	0.0	0
0	0.5882352941176471	0.29411764705882354	0.0	0.0	0.11764705882352941	0.0	0
0	0.7272727272727273	0.18181818181818182	0.022727272727272728	0.0	0.022727272727272728	0.022727272727272728	0
0	0.8	0.12	0.08	0.0	0.0	0.0	0
0.4301516572858036	0.6153846153846154	0.3076923076923077	0.0	0.038461538461538464	0.0	0.038461538461538464	0
0	0.8695652173913043	0.0	0.043478260869565216	0.08695652173913043	0.0	0.0	0
0	0.7894736842105263	0.05263157894736842	0.05263157894736842	0.10526315789473684	0.0	0.0	0
0.21821631878557873	0.7142857142857143	0.11428571428571428	0.11428571428571428	0.0	0.05714285714285714	0.0	0
0.4872102265711816	0.8387096774193549	0.08064516129032258	0.0	0.0	0.0	0.016129032258064516	0
0	0.95	0.0	0.05	0.0	0.0	0.0	0
0	0.7708333333333334	0.10416666666666667	0.020833333333333332	0.0625	0.020833333333333332	0.0	0
0	0.7692307692307693	0.15384615384615385	0.0	0.07692307692307693	0.0	0.0	0
0	0.75	0.125	0.0	0.125	0.0	0.0	0
0	0.8	0.06666666666666667	0.06666666666666667	0.0	0.0	0.0	0
0	0.8846153846153846	0.0	0.0	0.11538461538461539	0.0	0.0	0
0	0.7619047619047619	0.09523809523809523	0.0	0.09523809523809523	0.047619047619047616	0.0	0
0.16091294298921419	0.5714285714285714	0.32142857142857145	0.07142857142857142	0.0	0.0	0.0	0
0	0.8333333333333334	0.0	0.0	0.16666666666666666	0.0	0.0	0
0	0.6153846153846154	0.07692307692307693	0.15384615384615385	0.0	0.07692307692307693	0.0	0
0.6402289328560372	0.813953488372093	0.09302325581395349	0.023255813953488372	0.0	0.023255813953488372	0.0	0
0	0.8	0.0	0.2	0.0	0.0	0.0	0
0.30532533399307277	0.72	0.16	0.0	0.0	0.08	0.0	0
0	1.0	0.0	0.0	0.0	0.0	0.0	0
0	1.0	0.0	0.0	0.0	0.0	0.0	0
0.7155949519230769	0.5961538461538461	0.23076923076923078	0.09615384615384616	0.0	0.019230769230769232	0.0	0
0	0.875	0.0	0.125	0.0	0.0	0.0	0
0.4656420400663822	0.7272727272727273	0.18181818181818182	0.06060606060606061	0.0	0.0	0.030303030303030304	0
0	0.875	0.0625	0.0	0.0625	0.0	0.0	0
0	0.9411764705882353	0.0	0.058823529411764705	0.0	0.0	0.0	0
0.3655967194570136	0.7857142857142857	0.10714285714285714	0.03571428571428571	0.0	0.07142857142857142	0.0	0
0	0.7368421052631579	0.15789473684210525	0.0	0.10526315789473684	0.0	0.0	0
0	0.8571428571428571	0.07142857142857142	0.0	0.07142857142857142	0.0	0.0	0
0	0.8461538461538461	0.07692307692307693	0.0	0.07692307692307693	0.0	0.0	0
0	0.8214285714285714	0.10714285714285714	0.0	0.07142857142857142	0.0	0.0	0
0	0.7727272727272727	0.13636363636363635	0.045454545454545456	0.0	0.045454545454545456	0.0	0
0	0.8095238095238095	0.09523809523809523	0.0	0.09523809523809523	0.0	0.0	0
0.3604017857142857	0.7608695652173914	0.15217391304347827	0.021739130434782608	0.0	0.021739130434782608	0.021739130434782608	0
0	0.75	0.1875	0.0	0.0625	0.0	0.0	0
0	0.9166666666666666	0.0	0.08333333333333333	0.0	0.0	0.0	0
0.2669871794871795	0.7837837837837838	0.10810810810810811	0.05405405405405406	0.0	0.05405405405405406	0.0	0
0	0.8181818181818182	0.0	0.18181818181818182	0.0	0.0	0.0	0
0	0.6	0.32	0.04	0.0	0.0	0.0	0
0	0.8947368421052632	0.10526315789473684	0.0	0.0	0.0	0.0	0
0	1.0	0.0	0.0	0.0	0.0	0.0	0
0	0.6666666666666666	0.3333333333333333	0.0	0.0	0.0	0.0	0
0	0.9375	0.0	0.0	0.0625	0.0	0.0	0
0.2753918495297806	0.7954545454545454	0.06818181818181818	0.045454545454545456	0.022727272727272728	0.0	0.0	0
0.3705442583732057	0.7948717948717948	0.05128205128205128	0.07692307692307693	0.0	0.0	0.0	0
0	0.7407407407407407	0.0	0.14814814814814814	0.037037037037037035	0.07407407407407407	0.0	0
0	0.7857142857142857	0.14285714285714285	0.07142857142857142	0.0	0.0	0.0	0
0	0.8571428571428571	0.0	0.14285714285714285	0.0	0.0	0.0	0
0	0.8181818181818182	0.09090909090909091	0.09090909090909091	0.0	0.0	0.0	0
0	0.7894736842105263	0.10526315789473684	0.10526315789473684	0.0	0.0	0.0	0
0	0.8181818181818182	0.09090909090909091	0.09090909090909091	0.0	0.0	0.0	0
0	0.92	0.0	0.04	0.0	0.04	0.0	0
0	0.7	0.1	0.1	0.0	0.1	0.0	0
0	0.71875	0.1875	0.0	0.0	0.03125	0.0625	0
0	0.95	0.0	0.0	0.0	0.0	0.05	0
0.19112390006285357	0.6842105263157895	0.10526315789473684	0.05263157894736842	0.0	0.05263157894736842	0.05263157894736842	0
0	0.8333333333333334	0.05555555555555555	0.1111111111111111	0.0	0.0	0.0	0
0	0.8	0.06666666666666667	0.1	0.0	0.03333333333333333	0.0	0
0	0.8947368421052632	0.05263157894736842	0.0	0.05263157894736842	0.0	0.0	0
0	0.7741935483870968	0.16129032258064516	0.03225806451612903	0.03225806451612903	0.0	0.0	0
0	0.8888888888888888	0.05555555555555555	0.0	0.0	0.05555555555555555	0.0	0
0.33090111642743225	0.85	0.05	0.0	0.0	0.1	0.0	0
0.16583416583416583	0.6818181818181818	0.18181818181818182	0.045454545454545456	0.0	0.045454545454545456	0.0	0
0	0.8	0.1	0.05	0.0	0.05	0.0	0
0	1.0	0.0	0.0	0.0	0.0	0.0	0
0	1.0	0.0	0.0	0.0	0.0	0.0	0
0.44462423668215223	0.6904761904761905	0.09523809523809523	0.11904761904761904	0.0	0.0	0.07142857142857142	0
0.11666666666666667	0.8484848484848485	0.0	0.06060606060606061	0.06060606060606061	0.0	0.030303030303030304	0
0	0.8461538461538461	0.07692307692307693	0.0	0.07692307692307693	0.0	0.0	0
0	0.8333333333333334	0.1111111111111111	0.0	0.0	0.05555555555555555	0.0	0
0	0.7	0.3	0.0	0.0	0.0	0.0	0
0	0.875	0.125	0.0	0.0	0.0	0.0	0
0	0.8571428571428571	0.14285714285714285	0.0	0.0	0.0	0.0	0
0	1.0	0.0	0.0	0.0	0.0	0.0	0
0	0.6428571428571429	0.2857142857142857	0.0	0.0	0.03571428571428571	0.03571428571428571	0
0	0.8333333333333334	0.0	0.08333333333333333	0.0	0.0	0.0	0
0	0.8333333333333334	0.16666666666666666	0.0	0.0	0.0	0.0	0
0.12258060790835182	0.7857142857142857	0.0	0.07142857142857142	0.03571428571428571	0.07142857142857142	0.03571428571428571	0
0	0.8333333333333334	0.16666666666666666	0.0	0.0	0.0	0.0	0
0	0.45454545454545453	0.45454545454545453	0.09090909090909091	0.0	0.0	0.0	0
0	0.29411764705882354	0.5882352941176471	0.0	0.058823529411764705	0.0	0.058823529411764705	0
0	1.0	0.0	0.0	0.0	0.0	0.0	0
0.8645957627002414	0.3684210526315789	0.5263157894736842	0.0	0.0	0.0	0.05263157894736842	0
0.6036585365853658	0.7555555555555555	0.15555555555555556	0.022222222222222223	0.0	0.0	0.022222222222222223	0
0.3215986283280592	0.782051282051282	0.10256410256410256	0.02564102564102564	0.0	0.02564102564102564	0.0	0
0	0.8571428571428571	0.07142857142857142	0.07142857142857142	0.0	0.0	0.0	0
0	0.8888888888888888	0.1111111111111111	0.0	0.0	0.0	0.0	0
0	0.8823529411764706	0.0	0.058823529411764705	0.058823529411764705	0.0	0.0	0
0.2792285839160839	0.7428571428571429	0.11428571428571428	0.08571428571428572	0.0	0.0	0.0	0
0	0.7272727272727273	0.18181818181818182	0.09090909090909091	0.0	0.0	0.0	0
0	0.7272727272727273	0.18181818181818182	0.09090909090909091	0.0	0.0	0.0	0
0	0.7272727272727273	0.18181818181818182	0.09090909090909091	0.0	0.0	0.0	0
0.3359341484341484	0.7804878048780488	0.0975609756097561	0.024390243902439025	0.024390243902439025	0.0	0.024390243902439025	0
0	0.6756756756756757	0.2702702702702703	0.02702702702702703	0.02702702702702703	0.0	0.0	0
0.6459798177083333	0.6923076923076923	0.15384615384615385	0.038461538461538464	0.0	0.0	0.0	0
0	0.85	0.15	0.0	0.0	0.0	0.0	0
0	0.875	0.0625	0.0	0.0625	0.0	0.0	0
0	0.9375	0.0	0.0625	0.0	0.0	0.0	0
0.125	0.8235294117647058	0.11764705882352941	0.029411764705882353	0.0	0.0	0.0	0
0.44838169642857145	0.7073170731707317	0.07317073170731707	0.17073170731707318	0.0	0.024390243902439025	0.0	0
0.15144329473597767	0.7954545454545454	0.13636363636363635	0.0	0.0	0.045454545454545456	0.0	0
0	0.875	0.125	0.0	0.0	0.0	0.0	0
0	0.8695652173913043	0.08695652173913043	0.043478260869565216	0.0	0.0	0.0	0
0	0.75	0.15	0.0	0.05	0.0	0.05	0
0	0.9230769230769231	0.07692307692307693	0.0	0.0	0.0	0.0	0
0	0.8666666666666667	0.06666666666666667	0.0	0.0	0.06666666666666667	0.0	0
0.3334845301757066	0.7	0.13333333333333333	0.03333333333333333	0.03333333333333333	0.06666666666666667	0.0	0
0	0.8	0.1	0.0	0.0	0.1	0.0	0
0	0.9375	0.0	0.0	0.0	0.0625	0.0	0
0	0.8214285714285714	0.10714285714285714	0.03571428571428571	0.03571428571428571	0.0	0.0	0
0.35477022977022976	0.75	0.10714285714285714	0.03571428571428571	0.0	0.07142857142857142	0.03571428571428571	0
0	0.8666666666666667	0.13333333333333333	0.0	0.0	0.0	0.0	0
0	0.7333333333333333	0.26666666666666666	0.0	0.0	0.0	0.0	0
0	0.76	0.2	0.0	0.0	0.0	0.0	0
0.9270212273848685	0.5652173913043478	0.0	0.30434782608695654	0.043478260869565216	0.0	0.0	0
0	1.0	0.0	0.0	0.0	0.0	0.0	0
0.3524645969498911	0.6666666666666666	0.041666666666666664	0.125	0.0	0.041666666666666664	0.041666666666666664	0
0.23958333333333331	0.8571428571428571	0.0	0.047619047619047616	0.0	0.09523809523809523	0.0	0
0	0.8	0.15	0.0	0.05	0.0	0.0	0
0	0.8461538461538461	0.07692307692307693	0.0	0.07692307692307693	0.0	0.0	0
0	0.8823529411764706	0.058823529411764705	0.0	0.058823529411764705	0.0	0.0	0
0	0.8823529411764706	0.058823529411764705	0.0	0.0	0.0	0.0	0
0.2757616140078827	0.6170212765957447	0.2127659574468085	0.0425531914893617	0.06382978723404255	0.02127659574468085	0.02127659574468085	0
0	0.8333333333333334	0.16666666666666666	0.0	0.0	0.0	0.0	0
0	0.8	0.13333333333333333	0.0	0.06666666666666667	0.0	0.0	0
0	0.7777777777777778	0.16666666666666666	0.0	0.05555555555555555	0.0	0.0	0
0	0.88	0.0	0.04	0.04	0.04	0.0	0
0	0.9	0.0	0.1	0.0	0.0	0.0	0
0	0.9090909090909091	0.09090909090909091	0.0	0.0	0.0	0.0	0
0	0.8571428571428571	0.0	0.14285714285714285	0.0	0.0	0.0	0
0.1540551839464883	0.8387096774193549	0.06451612903225806	0.03225806451612903	0.06451612903225806	0.0	0.0	0
0	0.7272727272727273	0.18181818181818182	0.09090909090909091	0.0	0.0	0.0	0
0.20170454545454547	0.7692307692307693	0.15384615384615385	0.0	0.07692307692307693	0.0	0.0	0
0.20170454545454547	0.7692307692307693	0.15384615384615385	0.0	0.0	0.07692307692307693	0.0	0
0	1.0	0.0	0.0	0.0	0.0	0.0	0
0	1.0	0.0	0.0	0.0	0.0	0.0	0
0	0.7692307692307693	0.23076923076923078	0.0	0.0	0.0	0.0	0
0.8279748296248834	0.6	0.1	0.06666666666666667	0.0	0.06666666666666667	0.06666666666666667	0
0	0.6666666666666666	0.3333333333333333	0.0	0.0	0.0	0.0	0
0.18364065180102915	0.6875	0.21875	0.03125	0.0	0.03125	0.0	0
0	0.8695652173913043	0.0	0.0	0.043478260869565216	0.043478260869565216	0.0	0
0	1.0	0.0	0.0	0.0	0.0	0.0	0
0	0.9090909090909091	0.09090909090909091	0.0	0.0	0.0	0.0	0
0	0.7857142857142857	0.21428571428571427	0.0	0.0	0.0	0.0	0
0	0.8260869565217391	0.13043478260869565	0.0	0.0	0.043478260869565216	0.0	0
0.3228917910447761	0.8	0.09090909090909091	0.03636363636363636	0.03636363636363636	0.01818181818181818	0.0	0
0.2647424879042526	0.7714285714285715	0.17142857142857143	0.02857142857142857	0.0	0.0	0.0	0
0	0.7333333333333333	0.06666666666666667	0.13333333333333333	0.03333333333333333	0.0	0.03333333333333333	0
0	0.37037037037037035	0.37037037037037035	0.1111111111111111	0.037037037037037035	0.037037037037037035	0.07407407407407407	0
0	0.6666666666666666	0.3333333333333333	0.0	0.0	0.0	0.0	0
0	0.8888888888888888	0.0	0.1111111111111111	0.0	0.0	0.0	0
0	0.75	0.125	0.0625	0.0	0.0625	0.0	0
0	0.75	0.125	0.0625	0.0	0.0625	0.0	0
0	0.9	0.05	0.0	0.0	0.0	0.05	0
0	0.8695652173913043	0.043478260869565216	0.043478260869565216	0.043478260869565216	0.0	0.0	0
0	0.8	0.1	0.0	0.0	0.1	0.0	0
0	0.8461538461538461	0.07692307692307693	0.0	0.07692307692307693	0.0	0.0	0
0	0.8125	0.1875	0.0	0.0	0.0	0.0	0
0.0726120857699805	0.8947368421052632	0.10526315789473684	0.0	0.0	0.0	0.0	0
0.769391835016835	0.6333333333333333	0.26666666666666666	0.0	0.03333333333333333	0.0	0.0	0
0	0.8181818181818182	0.09090909090909091	0.0	0.09090909090909091	0.0	0.0	0
0.36662757775524	0.6428571428571429	0.23809523809523808	0.047619047619047616	0.0	0.0	0.023809523809523808	0
0	0.38461538461538464	0.46153846153846156	0.0	0.0	0.15384615384615385	0.0	0
0	0.8125	0.0625	0.0625	0.0	0.0625	0.0	0
0	0.6666666666666666	0.3333333333333333	0.0	0.0	0.0	0.0	0
0.08333333333333333	0.8387096774193549	0.0	0.0967741935483871	0.0	0.03225806451612903	0.0	0
0	0.6956521739130435	0.17391304347826086	0.043478260869565216	0.08695652173913043	0.0	0.0	0
0	0.8064516129032258	0.0967741935483871	0.0	0.06451612903225806	0.0	0.03225806451612903	0
0	0.6363636363636364	0.18181818181818182	0.09090909090909091	0.09090909090909091	0.0	0.0	0
0	0.8	0.1	0.0	0.1	0.0	0.0	0
0	0.8181818181818182	0.09090909090909091	0.0	0.09090909090909091	0.0	0.0	0
0.4701612903225807	0.7777777777777778	0.06666666666666667	0.08888888888888889	0.0	0.0	0.0	0
0.5235795454545454	0.796875	0.046875	0.0	0.015625	0.0	0.015625	0
0.1314068100358423	0.7741935483870968	0.12903225806451613	0.03225806451612903	0.03225806451612903	0.0	0.0	0
0	0.8125	0.125	0.0	0.0	0.0625	0.0	0
0	0.7037037037037037	0.18518518518518517	0.0	0.0	0.07407407407407407	0.0	0
0.4185904441335898	0.8297872340425532	0.06382978723404255	0.0	0.0425531914893617	0.0	0.0	0
0	0.9230769230769231	0.07692307692307693	0.0	0.0	0.0	0.0	0
0	1.0	0.0	0.0	0.0	0.0	0.0	0
0	0.6666666666666666	0.3333333333333333	0.0	0.0	0.0	0.0	0
0	0.7857142857142857	0.07142857142857142	0.07142857142857142	0.07142857142857142	0.0	0.0	0
0	0.8695652173913043	0.08695652173913043	0.043478260869565216	0.0	0.0	0.0	0
0	0.8823529411764706	0.058823529411764705	0.0	0.0	0.0	0.0	0
0	0.8461538461538461	0.07692307692307693	0.0	0.0	0.07692307692307693	0.0	0
0	0.8461538461538461	0.07692307692307693	0.0	0.0	0.07692307692307693	0.0	0
0	0.8461538461538461	0.07692307692307693	0.0	0.0	0.07692307692307693	0.0	0
0.6124441964285714	0.6944444444444444	0.19444444444444445	0.027777777777777776	0.027777777777777776	0.05555555555555555	0.0	0
0.4011442437285335	0.8181818181818182	0.10909090909090909	0.0	0.01818181818181818	0.0	0.0	0
0	0.7916666666666666	0.125	0.0	0.08333333333333333	0.0	0.0	0
0	0.8636363636363636	0.09090909090909091	0.0	0.045454545454545456	0.0	0.0	0
0	0.7446808510638298	0.19148936170212766	0.0	0.02127659574468085	0.02127659574468085	0.0	0
0	0.7272727272727273	0.13636363636363635	0.022727272727272728	0.0	0.045454545454545456	0.022727272727272728	0
0	0.9333333333333333	0.06666666666666667	0.0	0.0	0.0	0.0	0
0.4452503315649867	0.7560975609756098	0.0975609756097561	0.024390243902439025	0.07317073170731707	0.0	0.0	0
0	0.8333333333333334	0.0	0.0	0.16666666666666666	0.0	0.0	0
0.18256488498423984	0.7894736842105263	0.13157894736842105	0.0	0.0	0.05263157894736842	0.0	0
0	0.9333333333333333	0.0	0.06666666666666667	0.0	0.0	0.0	0
0	0.9333333333333333	0.0	0.06666666666666667	0.0	0.0	0.0	0
0	0.9166666666666666	0.0	0.0	0.08333333333333333	0.0	0.0	0
0.336959965437788	0.782608695652174	0.08695652173913043	0.08695652173913043	0.0	0.043478260869565216	0.0	0
0	0.56	0.2	0.08	0.04	0.04	0.04	0
0	0.9333333333333333	0.0	0.06666666666666667	0.0	0.0	0.0	0
0	0.8571428571428571	0.07142857142857142	0.07142857142857142	0.0	0.0	0.0	0
0.2532228845254792	0.7962962962962963	0.09259259259259259	0.018518518518518517	0.037037037037037035	0.0	0.0	0
0.3943713155132036	0.8571428571428571	0.023809523809523808	0.0	0.0	0.047619047619047616	0.023809523809523808	0
0	0.5882352941176471	0.29411764705882354	0.11764705882352941	0.0	0.0	0.0	0
0	0.8888888888888888	0.0	0.1111111111111111	0.0	0.0	0.0	0
0	0.8181818181818182	0.045454545454545456	0.045454545454545456	0.045454545454545456	0.045454545454545456	0.0	0
0.20714115516584064	0.7692307692307693	0.10256410256410256	0.02564102564102564	0.0	0.05128205128205128	0.02564102564102564	0
0	0.9	0.05	0.05	0.0	0.0	0.0	0
0	0.625	0.3125	0.0	0.0625	0.0	0.0	0
0.2686901061901062	0.7333333333333333	0.16666666666666666	0.0	0.03333333333333333	0.06666666666666667	0.0	0
0	0.6923076923076923	0.19230769230769232	0.07692307692307693	0.0	0.0	0.0	0
0	0.8	0.2	0.0	0.0	0.0	0.0	0
0	0.6666666666666666	0.2	0.06666666666666667	0.06666666666666667	0.0	0.0	0
0.7386718750000001	0.5555555555555556	0.0	0.4444444444444444	0.0	0.0	0.0	0
0.28942265070921985	0.7419354838709677	0.1935483870967742	0.0	0.03225806451612903	0.0	0.03225806451612903	0
0.3053571428571429	0.8421052631578947	0.0	0.15789473684210525	0.0	0.0	0.0	0
0.3189836003051106	0.8085106382978723	0.10638297872340426	0.02127659574468085	0.0	0.0	0.0	0
0	0.8823529411764706	0.058823529411764705	0.0	0.058823529411764705	0.0	0.0	0
0	0.9	0.0	0.1	0.0	0.0	0.0	0
0	0.85	0.0	0.05	0.05	0.0	0.05	0
0	0.8181818181818182	0.18181818181818182	0.0	0.0	0.0	0.0	0
0.2054093567251462	0.75	0.14285714285714285	0.03571428571428571	0.03571428571428571	0.0	0.0	0
0	0.8333333333333334	0.08333333333333333	0.0	0.08333333333333333	0.0	0.0	0
0	0.7777777777777778	0.2222222222222222	0.0	0.0	0.0	0.0	0
0	0.8181818181818182	0.18181818181818182	0.0	0.0	0.0	0.0	0
0	0.8333333333333334	0.08333333333333333	0.0	0.08333333333333333	0.0	0.0	0
0	0.8333333333333334	0.16666666666666666	0.0	0.0	0.0	0.0	0
0	0.7894736842105263	0.10526315789473684	0.0	0.0	0.10526315789473684	0.0	0
0	0.8	0.2	0.0	0.0	0.0	0.0	0
0	0.38461538461538464	0.46153846153846156	0.07692307692307693	0.0	0.0	0.0	0
0.17796352583586628	0.7142857142857143	0.047619047619047616	0.14285714285714285	0.09523809523809523	0.0	0.0	0
0.1997282608695652	0.8292682926829268	0.04878048780487805	0.07317073170731707	0.024390243902439025	0.0	0.0	0
0.21647038888418202	0.7777777777777778	0.08888888888888889	0.044444444444444446	0.022222222222222223	0.0	0.022222222222222223	0
0	0.88	0.0	0.04	0.08	0.0	0.0	0
0	0.7894736842105263	0.05263157894736842	0.10526315789473684	0.0	0.0	0.0	0
0	0.9411764705882353	0.0	0.058823529411764705	0.0	0.0	0.0	0
0.4973073122529645	0.7	0.2	0.0	0.0	0.03333333333333333	0.0	0
0.42546834625323	0.7333333333333333	0.16666666666666666	0.0	0.0	0.03333333333333333	0.0	0
0.1997282608695652	0.803921568627451	0.058823529411764705	0.0392156862745098	0.0392156862745098	0.0392156862745098	0.0	0
0	0.7333333333333333	0.06666666666666667	0.2	0.0	0.0	0.0	0
0	0.8	0.13333333333333333	0.0	0.06666666666666667	0.0	0.0	0
0	0.8235294117647058	0.058823529411764705	0.11764705882352941	0.0	0.0	0.0	0
0	0.8333333333333334	0.0	0.0	0.16666666666666666	0.0	0.0	0
0.44099005134788194	0.625	0.1875	0.0625	0.03125	0.03125	0.0	0
0.6512128708258795	0.6779661016949152	0.15254237288135594	0.0847457627118644	0.03389830508474576	0.0	0.0	0
0	0.9090909090909091	0.0	0.0	0.0	0.09090909090909091	0.0	0
0	0.7857142857142857	0.21428571428571427	0.0	0.0	0.0	0.0	0
0.19853003473693132	0.8	0.05714285714285714	0.08571428571428572	0.0	0.0	0.02857142857142857	0
0	0.8	0.2	0.0	0.0	0.0	0.0	0
0	0.75	0.1	0.05	0.1	0.0	0.0	0
0.35094572368421056	0.6666666666666666	0.25	0.0	0.027777777777777776	0.027777777777777776	0.0	0
0.10703781512605041	0.75	0.07142857142857142	0.07142857142857142	0.10714285714285714	0.0	0.0	0
0.22521551724137934	0.7959183673469388	0.10204081632653061	0.0	0.04081632653061224	0.02040816326530612	0.02040816326530612	0
0	0.6190476190476191	0.19047619047619047	0.047619047619047616	0.09523809523809523	0.047619047619047616	0.0	0
0.43707619005537884	0.7096774193548387	0.16129032258064516	0.03225806451612903	0.0	0.03225806451612903	0.0	0
0.4733325113582018	0.8026315789473685	0.039473684210526314	0.05263157894736842	0.013157894736842105	0.0	0.0	0
0	0.7142857142857143	0.2857142857142857	0.0	0.0	0.0	0.0	0
0	0.75	0.125	0.0625	0.0625	0.0	0.0	0
0	0.8	0.1	0.05	0.0	0.0	0.05	0
0.2505443422962605	0.8125	0.0625	0.0	0.03125	0.0625	0.0	0
0	0.85	0.0	0.05	0.05	0.0	0.05	0
0.330150245894807	0.8333333333333334	0.041666666666666664	0.0	0.041666666666666664	0.041666666666666664	0.0	0
0	0.85	0.05	0.0	0.0	0.05	0.0	0
0	0.8	0.1	0.0	0.0	0.1	0.0	0
0.5302625255316593	0.6785714285714286	0.21428571428571427	0.03571428571428571	0.03571428571428571	0.03571428571428571	0.0	0
0.25306372549019607	0.7708333333333334	0.125	0.020833333333333332	0.020833333333333332	0.0	0.020833333333333332	0
0.23577556022408963	0.782608695652174	0.10869565217391304	0.021739130434782608	0.043478260869565216	0.021739130434782608	0.0	0
0.3230815637065637	0.84375	0.015625	0.0625	0.03125	0.0	0.0	0
0.7042503720238096	0.8478260869565217	0.021739130434782608	0.06521739130434782	0.0	0.0	0.0	0
0.4290635599753314	0.775	0.075	0.075	0.0	0.0	0.05	0
0	0.7272727272727273	0.09090909090909091	0.18181818181818182	0.0	0.0	0.0	0
0	0.8333333333333334	0.05555555555555555	0.1111111111111111	0.0	0.0	0.0	0
0.048597678916827855	0.8333333333333334	0.08333333333333333	0.041666666666666664	0.0	0.041666666666666664	0.0	0
0	0.6470588235294118	0.23529411764705882	0.058823529411764705	0.0	0.058823529411764705	0.0	0
0	0.8	0.2	0.0	0.0	0.0	0.0	0
0.29194944234006737	0.7804878048780488	0.07317073170731707	0.07317073170731707	0.0	0.0	0.0	0
0	0.8823529411764706	0.058823529411764705	0.0	0.0	0.058823529411764705	0.0	0
0.4382309558720849	0.782608695652174	0.043478260869565216	0.08695652173913043	0.0	0.0	0.0	0
0.1997282608695652	0.8431372549019608	0.0196078431372549	0.0392156862745098	0.058823529411764705	0.0	0.0196078431372549	0
0	0.8	0.1	0.0	0.1	0.0	0.0	0
0	0.8181818181818182	0.09090909090909091	0.0	0.09090909090909091	0.0	0.0	0
0.28125	0.7560975609756098	0.0975609756097561	0.04878048780487805	0.024390243902439025	0.0	0.0	0
0	0.8846153846153846	0.038461538461538464	0.038461538461538464	0.038461538461538464	0.0	0.0	0
0	0.8148148148148148	0.07407407407407407	0.0	0.037037037037037035	0.037037037037037035	0.037037037037037035	0
0	0.8947368421052632	0.0	0.05263157894736842	0.0	0.05263157894736842	0.0	0
0.4973073122529645	0.7	0.2	0.0	0.0	0.03333333333333333	0.0	0
0.4669209444007898	0.5227272727272727	0.2727272727272727	0.11363636363636363	0.022727272727272728	0.0	0.0	0
0	0.7894736842105263	0.05263157894736842	0.10526315789473684	0.0	0.05263157894736842	0.0	0
0	0.8888888888888888	0.0	0.0	0.1111111111111111	0.0	0.0	0
0	0.8	0.2	0.0	0.0	0.0	0.0	0
0	0.8	0.2	0.0	0.0	0.0	0.0	0
0	0.8	0.1	0.06666666666666667	0.0	0.03333333333333333	0.0	0
0.31510416666666663	0.7777777777777778	0.0	0.1111111111111111	0.0	0.07407407407407407	0.037037037037037035	0
0	0.8461538461538461	0.038461538461538464	0.07692307692307693	0.0	0.038461538461538464	0.0	0
0.25306372549019607	0.8181818181818182	0.09090909090909091	0.0	0.06060606060606061	0.0	0.0	0
0	0.75	0.07142857142857142	0.14285714285714285	0.0	0.03571428571428571	0.0	0
0.07608695652173914	0.8928571428571429	0.03571428571428571	0.03571428571428571	0.0	0.03571428571428571	0.0	0
0.19092348927875244	0.8235294117647058	0.11764705882352941	0.0	0.029411764705882353	0.0	0.029411764705882353	0
0	0.75	0.0	0.05	0.2	0.0	0.0	0
0	0.8666666666666667	0.06666666666666667	0.0	0.06666666666666667	0.0	0.0	0
0	0.9333333333333333	0.0	0.0	0.0	0.06666666666666667	0.0	0
0	0.7407407407407407	0.07407407407407407	0.1111111111111111	0.0	0.07407407407407407	0.0	0
0	0.9166666666666666	0.0	0.08333333333333333	0.0	0.0	0.0	0
0.05263157894736842	0.9411764705882353	0.0	0.0	0.0	0.0	0.0	0
0	0.7857142857142857	0.14285714285714285	0.0	0.0	0.0	0.07142857142857142	0
0	0.7272727272727273	0.18181818181818182	0.030303030303030304	0.06060606060606061	0.0	0.0	0
0	1.0	0.0	0.0	0.0	0.0	0.0	0
0.26089743589743586	0.8205128205128205	0.10256410256410256	0.0	0.0	0.0	0.02564102564102564	0
0	0.6666666666666666	0.14285714285714285	0.14285714285714285	0.0	0.0	0.0	0
0.7780871671295861	0.6	0.2	0.1	0.05	0.0	0.0	0
0	0.8723404255319149	0.06382978723404255	0.0	0.0	0.02127659574468085	0.0	0
0	0.9166666666666666	0.0	0.0	0.08333333333333333	0.0	0.0	0
0.44074412063027785	0.7659574468085106	0.1702127659574468	0.0	0.0	0.0	0.0	0
0	0.8571428571428571	0.07142857142857142	0.0	0.0	0.07142857142857142	0.0	0
0.3336237995055389	0.6206896551724138	0.20689655172413793	0.06896551724137931	0.06896551724137931	0.034482758620689655	0.0	0
0.5218881027253669	0.6216216216216216	0.2702702702702703	0.0	0.02702702702702703	0.0	0.0	0
0.09444625029022521	0.8461538461538461	0.05128205128205128	0.07692307692307693	0.0	0.0	0.0	0
0	0.75	0.15	0.05	0.0	0.0	0.0	0
0	0.9230769230769231	0.07692307692307693	0.0	0.0	0.0	0.0	0
0.11678027265437049	0.7777777777777778	0.14814814814814814	0.0	0.0	0.0	0.037037037037037035	0
0	0.8636363636363636	0.045454545454545456	0.09090909090909091	0.0	0.0	0.0	0
0	0.8125	0.0625	0.125	0.0	0.0	0.0	0
0	0.8181818181818182	0.13636363636363635	0.0	0.0	0.0	0.045454545454545456	0
0	0.8	0.1	0.0	0.0	0.1	0.0	0
0	0.8181818181818182	0.09090909090909091	0.0	0.09090909090909091	0.0	0.0	0
0.2716165413533835	0.8235294117647058	0.029411764705882353	0.029411764705882353	0.058823529411764705	0.029411764705882353	0.0	0
0	0.8571428571428571	0.09523809523809523	0.0	0.047619047619047616	0.0	0.0	0
0.47815393518518523	0.7916666666666666	0.08333333333333333	0.041666666666666664	0.0	0.041666666666666664	0.0	0
0	0.8	0.1	0.0	0.0	0.0	0.1	0
0.6239023567462894	0.5	0.2777777777777778	0.1388888888888889	0.027777777777777776	0.0	0.027777777777777776	0
0.849989166246327	0.75	0.027777777777777776	0.05555555555555555	0.027777777777777776	0.05555555555555555	0.05555555555555555	0
0.6481021707532861	0.7631578947368421	0.09210526315789473	0.039473684210526314	0.02631578947368421	0.0	0.013157894736842105	0
0.2543276002668841	0.8	0.13333333333333333	0.0	0.0	0.03333333333333333	0.0	0
0	0.9130434782608695	0.0	0.043478260869565216	0.0	0.0	0.0	0
1.1158234425080127	0.75	0.09375	0.09375	0.0	0.03125	0.0	0
0	0.8	0.1	0.0	0.0	0.1	0.0	0
0.31666425784072844	0.8888888888888888	0.0	0.037037037037037035	0.0	0.07407407407407407	0.0	0
0	0.7647058823529411	0.17647058823529413	0.0	0.0	0.0	0.058823529411764705	0
0	0.6956521739130435	0.21739130434782608	0.043478260869565216	0.0	0.043478260869565216	0.0	0
0	0.9166666666666666	0.0	0.08333333333333333	0.0	0.0	0.0	0
0.4034080955955956	0.631578947368421	0.2631578947368421	0.05263157894736842	0.0	0.0	0.0	0
0	0.9166666666666666	0.0	0.08333333333333333	0.0	0.0	0.0	0
0.3071160042964554	0.7666666666666667	0.13333333333333333	0.0	0.03333333333333333	0.03333333333333333	0.0	0
0.18866995073891626	0.7407407407407407	0.18518518518518517	0.0	0.0	0.0	0.037037037037037035	0
0	0.8125	0.125	0.0625	0.0	0.0	0.0	0
0.13214285714285715	0.85	0.1	0.0	0.05	0.0	0.0	0
0.18365728692257643	0.7142857142857143	0.14285714285714285	0.07142857142857142	0.07142857142857142	0.0	0.0	0
0	0.9	0.0	0.05	0.0	0.05	0.0	0
0.12267119658609235	0.8	0.13333333333333333	0.03333333333333333	0.0	0.0	0.0	0
0	0.8846153846153846	0.038461538461538464	0.0	0.07692307692307693	0.0	0.0	0
0.8005363650194244	0.7027027027027027	0.10810810810810811	0.02702702702702703	0.02702702702702703	0.0	0.02702702702702703	0
0	0.9285714285714286	0.0	0.07142857142857142	0.0	0.0	0.0	0
0.46875	0.7380952380952381	0.09523809523809523	0.07142857142857142	0.0	0.07142857142857142	0.0	0
0.5532177643784787	0.56	0.2	0.14	0.02	0.0	0.02	0
0	1.0	0.0	0.0	0.0	0.0	0.0	0
0	0.9444444444444444	0.0	0.0	0.05555555555555555	0.0	0.0	0
0	0.8421052631578947	0.0	0.10526315789473684	0.05263157894736842	0.0	0.0	0
0.09234532941429494	0.8275862068965517	0.034482758620689655	0.06896551724137931	0.034482758620689655	0.034482758620689655	0.0	0
0.7025731382978724	0.5263157894736842	0.10526315789473684	0.15789473684210525	0.0	0.10526315789473684	0.0	0
0	0.5806451612903226	0.2903225806451613	0.0967741935483871	0.0	0.0	0.0	0
0	0.875	0.0625	0.0	0.0	0.0625	0.0	0
0	0.9230769230769231	0.07692307692307693	0.0	0.0	0.0	0.0	0
0.24486315359477123	0.8	0.13333333333333333	0.0	0.03333333333333333	0.0	0.0	0
0	0.7352941176470589	0.11764705882352941	0.0	0.08823529411764706	0.029411764705882353	0.0	0
0	0.8571428571428571	0.07142857142857142	0.0	0.0	0.07142857142857142	0.0	0
0	0.9565217391304348	0.0	0.0	0.043478260869565216	0.0	0.0	0
0.23309837092731828	0.7692307692307693	0.038461538461538464	0.07692307692307693	0.07692307692307693	0.038461538461538464	0.0	0
0.31897969052224373	0.825	0.1	0.0	0.0	0.075	0.0	0
0	0.85	0.05	0.05	0.0	0.05	0.0	0
0	0.85	0.05	0.05	0.0	0.0	0.05	0
0	0.9166666666666666	0.0	0.08333333333333333	0.0	0.0	0.0	0
0	0.8695652173913043	0.08695652173913043	0.0	0.043478260869565216	0.0	0.0	0
