0.6558873101211811	0.6111111111111112	0.16666666666666666	0.1111111111111111	0.1111111111111111	0.0	0.0	1
0.6661791248706761	0.7692307692307693	0.038461538461538464	0.038461538461538464	0.038461538461538464	0.07692307692307693	0.0	1
0.4821394707667172	0.6666666666666666	0.19047619047619047	0.047619047619047616	0.0	0.0	0.047619047619047616	1
0.4475406738975818	0.7446808510638298	0.06382978723404255	0.02127659574468085	0.0425531914893617	0.0425531914893617	0.02127659574468085	1
0.6533203125	0.8076923076923077	0.038461538461538464	0.07692307692307693	0.019230769230769232	0.019230769230769232	0.0	1
0.5502281200941915	0.6486486486486487	0.16216216216216217	0.05405405405405406	0.08108108108108109	0.0	0.0	1
2.0087344520970394	0.5555555555555556	0.1111111111111111	0.1111111111111111	0.0	0.1111111111111111	0.0	1
0.4315568332596196	0.6470588235294118	0.11764705882352941	0.0	0.058823529411764705	0.11764705882352941	0.058823529411764705	1
1.069428943452381	0.7272727272727273	0.13636363636363635	0.015151515151515152	0.030303030303030304	0.0	0.0	1
0.4293870192307692	0.7714285714285715	0.11428571428571428	0.02857142857142857	0.02857142857142857	0.0	0.0	1
0	0.7777777777777778	0.07407407407407407	0.037037037037037035	0.07407407407407407	0.037037037037037035	0.0	1
0.31231810334196575	0.84375	0.0625	0.03125	0.0	0.0	0.015625	1
0.9981652462121211	0.696969696969697	0.15151515151515152	0.030303030303030304	0.030303030303030304	0.0	0.06060606060606061	1
0.8040271577380953	0.7428571428571429	0.11428571428571428	0.02857142857142857	0.014285714285714285	0.014285714285714285	0.0	1
0.4166253306878307	0.7580645161290323	0.0967741935483871	0.03225806451612903	0.03225806451612903	0.016129032258064516	0.03225806451612903	1
0.5280993557715601	0.6582278481012658	0.12658227848101267	0.08860759493670886	0.0759493670886076	0.0	0.012658227848101266	1
0.7608653011485043	0.7735849056603774	0.14150943396226415	0.009433962264150943	0.009433962264150943	0.0	0.0	1
0.76962394558769	0.7906976744186046	0.11627906976744186	0.023255813953488372	0.0	0.0	0.0	1
0.2630374298842344	0.7605633802816901	0.09859154929577464	0.056338028169014086	0.014084507042253521	0.0	0.028169014084507043	1
0.4529036458333333	0.7424242424242424	0.13636363636363635	0.015151515151515152	0.015151515151515152	0.0	0.030303030303030304	1
0	0.16666666666666666	0.0	0.6666666666666666	0.0	0.0	0.16666666666666666	1
0.3656798245614035	0.8076923076923077	0.07692307692307693	0.038461538461538464	0.019230769230769232	0.0	0.0	1
0.7455614948830409	0.6721311475409836	0.16393442622950818	0.08196721311475409	0.0	0.03278688524590164	0.0	1
0.536040890027959	0.7941176470588235	0.07352941176470588	0.029411764705882353	0.014705882352941176	0.0	0.014705882352941176	1
0.9560546875	0.7608695652173914	0.10869565217391304	0.06521739130434782	0.0	0.0	0.0	1
0.8884943181818181	0.6923076923076923	0.23076923076923078	0.0	0.07692307692307693	0.0	0.0	1
1.0018977163458065	0.375	0.0625	0.3125	0.0625	0.0625	0.0	1
0.7190687643812643	0.8095238095238095	0.047619047619047616	0.015873015873015872	0.031746031746031744	0.0	0.0	1
0.6956496960486322	0.8113207547169812	0.018867924528301886	0.05660377358490566	0.03773584905660377	0.0	0.0	1
0.5592369725967973	0.7777777777777778	0.1111111111111111	0.05555555555555555	0.0	0.0	0.027777777777777776	1
0.7279821842855545	0.7727272727272727	0.09090909090909091	0.06060606060606061	0.0	0.0	0.0	1
0.8669646452675148	0.7692307692307693	0.05128205128205128	0.07692307692307693	0.0	0.0	0.07692307692307693	1
0.38663419913419916	0.7647058823529411	0.09803921568627451	0.0196078431372549	0.0196078431372549	0.0392156862745098	0.0	1
0.6559895833333333	0.7272727272727273	0.0	0.15151515151515152	0.0	0.0	0.030303030303030304	1
1.5630086263020835	0.7959183673469388	0.02040816326530612	0.04081632653061224	0.061224489795918366	0.0	0.02040816326530612	1
0.7006205240885417	0.8505747126436781	0.022988505747126436	0.011494252873563218	0.022988505747126436	0.011494252873563218	0.011494252873563218	1
1.702319559251141	0.2	0.1	0.45	0.0	0.1	0.05	1
0.47074500487329435	0.896551724137931	0.0	0.0	0.0	0.0	0.034482758620689655	1
0.38707386363636365	0.6	0.24	0.12	0.0	0.0	0.04	1
0.7656435216866919	0.7105263157894737	0.02631578947368421	0.0	0.05263157894736842	0.07894736842105263	0.02631578947368421	1
0.35441995947315097	0.8589743589743589	0.038461538461538464	0.02564102564102564	0.01282051282051282	0.0	0.0	1
1.3325892857142856	0.6666666666666666	0.125	0.041666666666666664	0.08333333333333333	0.0	0.041666666666666664	1
1.2368076405626662	0.5490196078431373	0.0784313725490196	0.27450980392156865	0.0	0.0	0.0	1
0	0.6923076923076923	0.05128205128205128	0.15384615384615385	0.0	0.0	0.07692307692307693	1
0.5264712643313717	0.65625	0.15625	0.03125	0.0625	0.0	0.0	1
1.077484130859375	0.45	0.35	0.2	0.0	0.0	0.0	1
1.130981572330611	0.6842105263157895	0.07017543859649122	0.12280701754385964	0.017543859649122806	0.0	0.017543859649122806	1
0.18213776963776962	0.825	0.1	0.025	0.0	0.0	0.025	1
0	0.723404255319149	0.02127659574468085	0.14893617021276595	0.02127659574468085	0.0425531914893617	0.02127659574468085	1
0	0.7142857142857143	0.14285714285714285	0.047619047619047616	0.0	0.0	0.047619047619047616	1
1.3325892857142856	0.8311688311688312	0.025974025974025976	0.03896103896103896	0.012987012987012988	0.0	0.025974025974025976	1
0.40651436497473087	0.7395833333333334	0.11458333333333333	0.010416666666666666	0.041666666666666664	0.0	0.03125	1
0.9657367781096815	0.6818181818181818	0.13636363636363635	0.09090909090909091	0.0	0.022727272727272728	0.022727272727272728	1
1.0220217419993989	0.7192982456140351	0.08771929824561403	0.10526315789473684	0.017543859649122806	0.017543859649122806	0.0	1
0.8017883536438224	0.7631578947368421	0.07894736842105263	0.06578947368421052	0.02631578947368421	0.0	0.013157894736842105	1
0.4407051282051282	0.7397260273972602	0.0958904109589041	0.0136986301369863	0.0821917808219178	0.0273972602739726	0.0	1
0.8514706688596492	0.6071428571428571	0.21428571428571427	0.07142857142857142	0.0	0.0	0.0	1
0	0.8571428571428571	0.047619047619047616	0.047619047619047616	0.047619047619047616	0.0	0.0	1
1.0723165269063706	0.696969696969697	0.12121212121212122	0.0	0.06060606060606061	0.06060606060606061	0.0	1
0.507762904619736	0.8157894736842105	0.02631578947368421	0.05263157894736842	0.02631578947368421	0.0	0.02631578947368421	1
0.5417464114832535	0.7862595419847328	0.06870229007633588	0.05343511450381679	0.022900763358778626	0.015267175572519083	0.007633587786259542	1
0.6018182849364792	0.6923076923076923	0.14423076923076922	0.04807692307692308	0.019230769230769232	0.04807692307692308	0.0	1
0.5926683287209372	0.72	0.04	0.1	0.06	0.02	0.04	1
0.6329900568181819	0.7619047619047619	0.1111111111111111	0.015873015873015872	0.031746031746031744	0.0	0.0	1
0	0.8	0.1	0.016666666666666666	0.016666666666666666	0.016666666666666666	0.0	1
0.41306332129846474	0.7307692307692307	0.15384615384615385	0.0	0.038461538461538464	0.019230769230769232	0.019230769230769232	1
0.5926683287209372	0.72	0.04	0.1	0.06	0.02	0.04	1
0.5572522095959596	0.7971014492753623	0.10144927536231885	0.028985507246376812	0.014492753623188406	0.0	0.014492753623188406	1
1.0487545651723587	0.7380952380952381	0.12698412698412698	0.015873015873015872	0.023809523809523808	0.015873015873015872	0.0	1
0.4045715246715125	0.78125	0.0	0.125	0.03125	0.0	0.0	1
0.41918958879098195	0.7945205479452054	0.1095890410958904	0.0	0.0273972602739726	0.0136986301369863	0.0136986301369863	1
0.4183467741935484	0.8028169014084507	0.07042253521126761	0.04225352112676056	0.0	0.0	0.014084507042253521	1
1.2373046875	0.46153846153846156	0.0	0.0	0.38461538461538464	0.0	0.0	1
0.9421164772727273	0.5	0.2222222222222222	0.16666666666666666	0.0	0.0	0.0	1
0.6725414530380713	0.6923076923076923	0.046153846153846156	0.13846153846153847	0.03076923076923077	0.0	0.0	1
0.6312397550062023	0.5555555555555556	0.16666666666666666	0.1111111111111111	0.05555555555555555	0.05555555555555555	0.0	1
0.564453125	0.4444444444444444	0.2222222222222222	0.3333333333333333	0.0	0.0	0.0	1
1.3213216145833333	0.25	0.25	0.3125	0.0	0.0	0.125	1
0.5321403705761277	0.7692307692307693	0.05128205128205128	0.05128205128205128	0.0	0.0	0.05128205128205128	1
0.3202917530648623	0.65	0.125	0.05	0.1	0.0	0.0	1
0.46747344771241833	0.6296296296296297	0.14814814814814814	0.0	0.07407407407407407	0.07407407407407407	0.0	1
1.0648949032738095	0.7419354838709677	0.0967741935483871	0.0	0.03225806451612903	0.0	0.0967741935483871	1
0.42824835526315785	0.65	0.1	0.05	0.05	0.0	0.0	1
0.7256482937635281	0.7721518987341772	0.06329113924050633	0.02531645569620253	0.05063291139240506	0.05063291139240506	0.0	1
0.4617210751488095	0.7105263157894737	0.10526315789473684	0.10526315789473684	0.0	0.02631578947368421	0.0	1
0.6312397550062023	0.6842105263157895	0.05263157894736842	0.10526315789473684	0.05263157894736842	0.05263157894736842	0.0	1
0.3606579912023461	0.7924528301886793	0.07547169811320754	0.03773584905660377	0.018867924528301886	0.0	0.0	1
0.3482898940216014	0.65	0.05	0.1	0.05	0.0	0.15	1
0.5961665167597127	0.7049180327868853	0.16393442622950818	0.01639344262295082	0.03278688524590164	0.0	0.0	1
0.8545247395833333	0.7727272727272727	0.09090909090909091	0.022727272727272728	0.0	0.0	0.045454545454545456	1
1.2544109328524218	0.5714285714285714	0.047619047619047616	0.19047619047619047	0.14285714285714285	0.0	0.047619047619047616	1
1.2526278885790634	0.7692307692307693	0.0	0.11538461538461539	0.038461538461538464	0.0	0.0	1
1.705419921875	0.75	0.057692307692307696	0.09615384615384616	0.038461538461538464	0.0	0.0	1
1.705419921875	0.75	0.057692307692307696	0.09615384615384616	0.038461538461538464	0.0	0.0	1
0.7173129446138211	0.65	0.15	0.1	0.0	0.0	0.1	1
1.3844448743864548	0.6190476190476191	0.14285714285714285	0.14285714285714285	0.0	0.0	0.047619047619047616	1
0.9604447288074712	0.7142857142857143	0.19047619047619047	0.0	0.0	0.0	0.09523809523809523	1
0.47623697916666663	0.7971014492753623	0.028985507246376812	0.043478260869565216	0.028985507246376812	0.028985507246376812	0.0	1
0.19255050505050503	0.7222222222222222	0.2222222222222222	0.0	0.0	0.0	0.0	1
0.697265625	0.7560975609756098	0.07317073170731707	0.024390243902439025	0.024390243902439025	0.04878048780487805	0.0	1
0.07500000000000001	0.6190476190476191	0.23809523809523808	0.0	0.09523809523809523	0.047619047619047616	0.0	1
1.171875	0.7454545454545455	0.12727272727272726	0.03636363636363636	0.0	0.0	0.0	1
0.7129307299339958	0.803921568627451	0.0784313725490196	0.0196078431372549	0.0	0.0196078431372549	0.0196078431372549	1
0.7583539545625942	0.5882352941176471	0.058823529411764705	0.17647058823529413	0.058823529411764705	0.0	0.0	1
0.3576490713587488	0.813953488372093	0.023255813953488372	0.0	0.09302325581395349	0.023255813953488372	0.0	1
0.9998491753472223	0.5	0.25	0.1	0.05	0.0	0.05	1
0.29715501792114696	0.819672131147541	0.09836065573770492	0.01639344262295082	0.01639344262295082	0.0	0.0	1
0.29793086660175266	0.8	0.05454545454545454	0.03636363636363636	0.03636363636363636	0.01818181818181818	0.0	1
1.705419921875	0.75	0.057692307692307696	0.09615384615384616	0.038461538461538464	0.0	0.0	1
0.7728559784802972	0.7288135593220338	0.15254237288135594	0.0	0.03389830508474576	0.0	0.0	1
0.6104132059800664	0.7945205479452054	0.0410958904109589	0.0547945205479452	0.0136986301369863	0.0273972602739726	0.0	1
0.9051846590909091	0.9285714285714286	0.0	0.07142857142857142	0.0	0.0	0.0	1
0.8988510707639299	0.5	0.2692307692307692	0.038461538461538464	0.15384615384615385	0.0	0.0	1
1.6107696354016205	0.6329113924050633	0.10126582278481013	0.17721518987341772	0.0	0.0379746835443038	0.0	1
0	0.6666666666666666	0.2222222222222222	0.1111111111111111	0.0	0.0	0.0	1
0.7623782467532467	0.68	0.16	0.04	0.04	0.0	0.0	1
1.1225142045454546	0.6666666666666666	0.06666666666666667	0.06666666666666667	0.06666666666666667	0.0	0.06666666666666667	1
1.2373046875	0.5625	0.0	0.0	0.3125	0.0	0.0	1
0.5390896188030059	0.7419354838709677	0.06451612903225806	0.0967741935483871	0.016129032258064516	0.03225806451612903	0.0	1
0.6029829545454546	0.7058823529411765	0.058823529411764705	0.11764705882352941	0.0	0.11764705882352941	0.0	1
0.3811808968058968	0.7540983606557377	0.08196721311475409	0.04918032786885246	0.01639344262295082	0.03278688524590164	0.01639344262295082	1
0.46205357142857145	0.7209302325581395	0.11627906976744186	0.06976744186046512	0.0	0.046511627906976744	0.023255813953488372	1
1.705419921875	0.6470588235294118	0.1323529411764706	0.029411764705882353	0.058823529411764705	0.058823529411764705	0.014705882352941176	1
0.9203923646255061	0.6896551724137931	0.08620689655172414	0.05172413793103448	0.034482758620689655	0.0	0.017241379310344827	1
0.4099791717716246	0.7466666666666667	0.08	0.06666666666666667	0.0	0.02666666666666667	0.013333333333333334	1
0.7013675718747325	0.5833333333333334	0.125	0.20833333333333334	0.0	0.08333333333333333	0.0	1
0.5442197712418301	0.6111111111111112	0.16666666666666666	0.1111111111111111	0.0	0.1111111111111111	0.0	1
0.12321428571428572	0.8666666666666667	0.0	0.06666666666666667	0.06666666666666667	0.0	0.0	1
0.5230681818181818	0.6071428571428571	0.14285714285714285	0.03571428571428571	0.07142857142857142	0.03571428571428571	0.0	1
0.25625	0.8235294117647058	0.11764705882352941	0.0	0.058823529411764705	0.0	0.0	1
0.13815789473684212	0.7058823529411765	0.058823529411764705	0.058823529411764705	0.058823529411764705	0.11764705882352941	0.0	1
0	0.9333333333333333	0.06666666666666667	0.0	0.0	0.0	0.0	1
0.5392479482323232	0.625	0.125	0.0	0.08333333333333333	0.041666666666666664	0.0	1
1.621525355747768	0.7230769230769231	0.03076923076923077	0.12307692307692308	0.015384615384615385	0.015384615384615385	0.046153846153846156	1
1.0248579545454546	0.6666666666666666	0.16666666666666666	0.05555555555555555	0.1111111111111111	0.0	0.0	1
0.23641304347826086	0.7142857142857143	0.14285714285714285	0.09523809523809523	0.0	0.047619047619047616	0.0	1
0.5035563151041667	0.5384615384615384	0.3333333333333333	0.02564102564102564	0.05128205128205128	0.0	0.0	1
0.5987151501096528	0.7088607594936709	0.10126582278481013	0.02531645569620253	0.05063291139240506	0.0379746835443038	0.02531645569620253	1
0.4622100675089805	0.72	0.16	0.0	0.12	0.0	0.0	1
0.47846283783783783	0.6	0.2	0.1	0.0	0.0	0.0	1
0.35135337643429876	0.8	0.044444444444444446	0.08888888888888889	0.0	0.0	0.0	1
0.4402737354476114	0.6388888888888888	0.05555555555555555	0.2222222222222222	0.027777777777777776	0.027777777777777776	0.0	1
0.5340945512820513	0.7551020408163265	0.10204081632653061	0.04081632653061224	0.0	0.0	0.0	1
0.610890720703675	0.7258064516129032	0.0967741935483871	0.06451612903225806	0.016129032258064516	0.016129032258064516	0.016129032258064516	1
0.754993503376589	0.7377049180327869	0.04918032786885246	0.06557377049180328	0.06557377049180328	0.0	0.0	1
0.2895833333333333	0.85	0.05	0.0	0.0	0.0	0.05	1
0.46484375	0.7	0.0	0.1	0.1	0.0	0.1	1
0.36426452959656086	0.6888888888888889	0.13333333333333333	0.13333333333333333	0.0	0.0	0.0	1
0.23032407407407407	0.8947368421052632	0.0	0.0	0.05263157894736842	0.0	0.0	1
0.36426452959656086	0.6538461538461539	0.2692307692307692	0.038461538461538464	0.0	0.0	0.0	1
1.2596422554478934	0.6756756756756757	0.02702702702702703	0.08108108108108109	0.13513513513513514	0.0	0.0	1
0.754993503376589	0.7333333333333333	0.05	0.08333333333333333	0.05	0.0	0.0	1
0.8584462412587414	0.5454545454545454	0.0	0.2727272727272727	0.0	0.0	0.18181818181818182	1
1.155018028846154	0.6	0.06666666666666667	0.13333333333333333	0.06666666666666667	0.0	0.13333333333333333	1
1.0436254040948276	0.7142857142857143	0.12244897959183673	0.08163265306122448	0.0	0.0	0.0	1
0.2840022296544036	0.84	0.0	0.0	0.0	0.12	0.0	1
1.0710013281477806	0.7317073170731707	0.0975609756097561	0.0975609756097561	0.0	0.0	0.024390243902439025	1
0.42461120401337793	0.7931034482758621	0.06896551724137931	0.0	0.034482758620689655	0.0	0.06896551724137931	1
0.7289444857804233	0.6785714285714286	0.14285714285714285	0.03571428571428571	0.03571428571428571	0.0	0.0	1
0.36426452959656086	0.6888888888888889	0.15555555555555556	0.08888888888888889	0.0	0.022222222222222223	0.0	1
1.2596422554478934	0.6756756756756757	0.02702702702702703	0.08108108108108109	0.13513513513513514	0.0	0.0	1
0.6370383522727272	0.7142857142857143	0.11904761904761904	0.023809523809523808	0.047619047619047616	0.047619047619047616	0.023809523809523808	1
0.47259529398613903	0.8085106382978723	0.0851063829787234	0.0	0.0	0.02127659574468085	0.0	1
0.7185353820464071	0.7857142857142857	0.09523809523809523	0.047619047619047616	0.023809523809523808	0.0	0.0	1
0.41848327415761627	0.7073170731707317	0.21951219512195122	0.0	0.024390243902439025	0.024390243902439025	0.0	1
0.8274887547348485	0.7254901960784313	0.11764705882352941	0.0784313725490196	0.0196078431372549	0.0	0.0	1
0.33728135932033987	0.6818181818181818	0.1590909090909091	0.045454545454545456	0.0	0.0	0.0	1
0.754993503376589	0.7377049180327869	0.04918032786885246	0.06557377049180328	0.06557377049180328	0.0	0.0	1
1.1917580997242647	0.5769230769230769	0.15384615384615385	0.0	0.15384615384615385	0.038461538461538464	0.038461538461538464	1
0.6621149085784386	0.631578947368421	0.18421052631578946	0.05263157894736842	0.0	0.05263157894736842	0.02631578947368421	1
0.3875811688311689	0.7761194029850746	0.08955223880597014	0.04477611940298507	0.014925373134328358	0.0	0.0	1
1.512939453125	0.6197183098591549	0.18309859154929578	0.04225352112676056	0.0	0.04225352112676056	0.028169014084507043	1
1.2596422554478934	0.6842105263157895	0.02631578947368421	0.07894736842105263	0.13157894736842105	0.0	0.0	1
1.171875	0.7446808510638298	0.06382978723404255	0.0851063829787234	0.0	0.0	0.0425531914893617	1
0	0.7209302325581395	0.11627906976744186	0.046511627906976744	0.046511627906976744	0.0	0.023255813953488372	1
0.24733397190293743	0.851063829787234	0.02127659574468085	0.0	0.06382978723404255	0.02127659574468085	0.0	1
0.23313492063492064	0.7592592592592593	0.1111111111111111	0.037037037037037035	0.037037037037037035	0.0	0.0	1
1.4423424875446356	0.8591549295774648	0.028169014084507043	0.0	0.04225352112676056	0.0	0.0	1
0.5955863620923914	0.7474747474747475	0.04040404040404041	0.04040404040404041	0.0707070707070707	0.020202020202020204	0.030303030303030304	1
1.1975311320348232	0.6382978723404256	0.10638297872340426	0.10638297872340426	0.02127659574468085	0.0	0.0	1
0.5764250578703703	0.7407407407407407	0.07407407407407407	0.05555555555555555	0.05555555555555555	0.018518518518518517	0.0	1
0.5338031045751634	0.7391304347826086	0.08695652173913043	0.043478260869565216	0.08695652173913043	0.043478260869565216	0.0	1
0.6728222017973857	0.8048780487804879	0.0975609756097561	0.024390243902439025	0.0	0.0	0.0	1
1.512939453125	0.673469387755102	0.14285714285714285	0.08163265306122448	0.0	0.0	0.02040816326530612	1
1.13470458984375	0.5714285714285714	0.03571428571428571	0.03571428571428571	0.10714285714285714	0.10714285714285714	0.07142857142857142	1
0.674569685828877	0.7307692307692307	0.15384615384615385	0.0	0.038461538461538464	0.0	0.0	1
0.40327380952380953	0.5	0.0	0.3	0.2	0.0	0.0	1
0.6234375	0.7555555555555555	0.08888888888888889	0.022222222222222223	0.06666666666666667	0.0	0.0	1
0.5484135465801887	0.6086956521739131	0.2391304347826087	0.043478260869565216	0.043478260869565216	0.0	0.0	1
1.5789969308035712	0.76	0.1	0.08	0.0	0.0	0.0	1
0.8499713833905103	0.7027027027027027	0.0	0.10810810810810811	0.05405405405405406	0.05405405405405406	0.0	1
1.23486328125	0.7368421052631579	0.09210526315789473	0.02631578947368421	0.05263157894736842	0.02631578947368421	0.013157894736842105	1
0.41540404040404044	0.6666666666666666	0.19047619047619047	0.047619047619047616	0.0	0.047619047619047616	0.0	1
0.4122743310117302	0.7169811320754716	0.03773584905660377	0.1320754716981132	0.05660377358490566	0.018867924528301886	0.018867924528301886	1
0.638147122130102	0.7441860465116279	0.06976744186046512	0.06976744186046512	0.046511627906976744	0.0	0.023255813953488372	1
0.33145962732919254	0.7976190476190477	0.11904761904761904	0.023809523809523808	0.0	0.0	0.0	1
0.7122261140729997	0.6229508196721312	0.21311475409836064	0.04918032786885246	0.04918032786885246	0.0	0.0	1
1.323605243953762	0.631578947368421	0.15789473684210525	0.02631578947368421	0.07894736842105263	0.0	0.02631578947368421	1
1.4049479166666665	0.6923076923076923	0.038461538461538464	0.07692307692307693	0.07692307692307693	0.0	0.11538461538461539	1
1.028330359198646	0.7592592592592593	0.037037037037037035	0.1111111111111111	0.018518518518518517	0.018518518518518517	0.0	1
1.1814630681818181	0.6666666666666666	0.16666666666666666	0.08333333333333333	0.041666666666666664	0.0	0.041666666666666664	1
0.6242553887085137	0.7538461538461538	0.09230769230769231	0.015384615384615385	0.06153846153846154	0.0	0.0	1
0.5021632262307875	0.8387096774193549	0.03225806451612903	0.06451612903225806	0.0	0.03225806451612903	0.0	1
0.6805543626673713	0.7567567567567568	0.10810810810810811	0.05405405405405406	0.0	0.02702702702702703	0.0	1
0.909291595916057	0.803921568627451	0.0784313725490196	0.0	0.0392156862745098	0.0392156862745098	0.0	1
0.42351719522037834	0.8	0.01818181818181818	0.05454545454545454	0.01818181818181818	0.0	0.05454545454545454	1
0.26206140350877194	0.7692307692307693	0.09615384615384616	0.019230769230769232	0.057692307692307696	0.0	0.019230769230769232	1
0.5185961174242424	0.8194444444444444	0.06944444444444445	0.027777777777777776	0.013888888888888888	0.0	0.0	1
1.028330359198646	0.7592592592592593	0.037037037037037035	0.1111111111111111	0.018518518518518517	0.018518518518518517	0.0	1
0.47699169058876506	0.6486486486486487	0.21621621621621623	0.05405405405405406	0.02702702702702703	0.0	0.0	1
0.43560421311780007	0.7446808510638298	0.06382978723404255	0.02127659574468085	0.06382978723404255	0.0	0.02127659574468085	1
0.5910006393861893	0.7631578947368421	0.06578947368421052	0.02631578947368421	0.039473684210526314	0.05263157894736842	0.02631578947368421	1
0.4825251645373596	0.7619047619047619	0.11904761904761904	0.047619047619047616	0.0	0.0	0.023809523809523808	1
0.6896311406213296	0.8648648648648649	0.02702702702702703	0.02702702702702703	0.02702702702702703	0.02702702702702703	0.0	1
0.20113357843137256	0.7647058823529411	0.11764705882352941	0.0	0.0	0.0	0.058823529411764705	1
1.1355631510416666	0.6486486486486487	0.16216216216216217	0.05405405405405406	0.05405405405405406	0.0	0.0	1
1.2373046875	0.6818181818181818	0.0	0.18181818181818182	0.045454545454545456	0.0	0.0	1
0.6486089544513458	0.5	0.1	0.25	0.0	0.1	0.05	1
0.30980583426235603	0.5	0.22727272727272727	0.045454545454545456	0.09090909090909091	0.0	0.0	1
1.0494791666666667	0.5	0.375	0.0	0.125	0.0	0.0	1
1.23486328125	0.5238095238095238	0.19047619047619047	0.09523809523809523	0.0	0.14285714285714285	0.0	1
0.9816945158510522	0.7	0.04	0.12	0.06	0.0	0.02	1
1.1022786458333333	0.6071428571428571	0.25	0.0	0.03571428571428571	0.03571428571428571	0.0	1
0.6050107048748353	0.7631578947368421	0.10526315789473684	0.0	0.02631578947368421	0.02631578947368421	0.0	1
0	0.75	0.15	0.0	0.0	0.025	0.025	1
0.5036093128374538	0.8545454545454545	0.0	0.03636363636363636	0.01818181818181818	0.0	0.01818181818181818	1
1.5267052283653846	0.5862068965517241	0.06896551724137931	0.2413793103448276	0.0	0.0	0.0	1
1.0847081656407829	0.42105263157894735	0.15789473684210525	0.21052631578947367	0.21052631578947367	0.0	0.0	1
1.0494791666666667	0.75	0.0	0.125	0.125	0.0	0.0	1
1.2373046875	0.64	0.0	0.24	0.04	0.0	0.0	1
0.4767207170224412	0.7183098591549296	0.11267605633802817	0.07042253521126761	0.028169014084507043	0.014084507042253521	0.014084507042253521	1
1.2373046875	0.4444444444444444	0.2962962962962963	0.14814814814814814	0.037037037037037035	0.0	0.0	1
1.2373046875	0.6774193548387096	0.03225806451612903	0.1935483870967742	0.03225806451612903	0.0	0.0	1
0.5755160776712639	0.7931034482758621	0.10344827586206896	0.0	0.0	0.017241379310344827	0.017241379310344827	1
0.7870008680555556	0.5652173913043478	0.17391304347826086	0.13043478260869565	0.043478260869565216	0.0	0.08695652173913043	1
0.7506701899509804	0.46153846153846156	0.0	0.38461538461538464	0.0	0.0	0.15384615384615385	1
1.2373046875	0.6666666666666666	0.0	0.23809523809523808	0.0	0.0	0.0	1
0.5485346019575593	0.8571428571428571	0.0	0.061224489795918366	0.02040816326530612	0.0	0.0	1
1.10498046875	0.45454545454545453	0.36363636363636365	0.18181818181818182	0.0	0.0	0.0	1
1.705419921875	0.3103448275862069	0.20689655172413793	0.3448275862068966	0.034482758620689655	0.0	0.034482758620689655	1
0.4767207170224412	0.6857142857142857	0.14285714285714285	0.0	0.02857142857142857	0.11428571428571428	0.0	1
0.4767207170224412	0.5909090909090909	0.13636363636363635	0.045454545454545456	0.18181818181818182	0.0	0.0	1
0.9882339015151516	0.7727272727272727	0.13636363636363635	0.0	0.0	0.0	0.09090909090909091	1
1.2373046875	0.6571428571428571	0.02857142857142857	0.14285714285714285	0.08571428571428572	0.02857142857142857	0.0	1
0.6671277310064075	0.74	0.1	0.08	0.0	0.0	0.04	1
0.799076755582165	0.7407407407407407	0.07407407407407407	0.1111111111111111	0.0	0.018518518518518517	0.018518518518518517	1
0.7153332832532051	0.6818181818181818	0.06818181818181818	0.18181818181818182	0.0	0.022727272727272728	0.0	1
0.42377638183357524	0.7083333333333334	0.10416666666666667	0.125	0.0	0.0	0.0	1
0.3164649209486166	0.8	0.1	0.0	0.0	0.03333333333333333	0.0	1
1.2373046875	0.6086956521739131	0.0	0.2608695652173913	0.043478260869565216	0.0	0.0	1
0.5207360347985348	0.65625	0.0625	0.1875	0.0	0.0	0.03125	1
0.5329197559871902	0.7608695652173914	0.10869565217391304	0.021739130434782608	0.043478260869565216	0.0	0.0	1
0.6410939321095572	0.7543859649122807	0.07017543859649122	0.07017543859649122	0.0	0.05263157894736842	0.0	1
1.2373046875	0.64	0.0	0.08	0.16	0.04	0.0	1
0.8453480113636365	0.7931034482758621	0.05172413793103448	0.034482758620689655	0.017241379310344827	0.05172413793103448	0.0	1
1.6155894886363638	0.7741935483870968	0.0	0.03225806451612903	0.03225806451612903	0.03225806451612903	0.06451612903225806	1
0.9883669670846396	0.7924528301886793	0.018867924528301886	0.05660377358490566	0.07547169811320754	0.0	0.0	1
0.7563292129476127	0.6818181818181818	0.11363636363636363	0.13636363636363635	0.022727272727272728	0.0	0.022727272727272728	1
1.0158977336711712	0.7027027027027027	0.10810810810810811	0.08108108108108109	0.02702702702702703	0.02702702702702703	0.0	1
0.27679545631673297	0.74	0.14	0.04	0.0	0.02	0.0	1
1.1022786458333333	0.6829268292682927	0.17073170731707318	0.0	0.07317073170731707	0.024390243902439025	0.0	1
0.8509246522009968	0.717948717948718	0.02564102564102564	0.1282051282051282	0.0	0.0	0.07692307692307693	1
1.2373046875	0.6896551724137931	0.0	0.20689655172413793	0.034482758620689655	0.0	0.0	1
0.4767207170224412	0.6764705882352942	0.14705882352941177	0.0	0.11764705882352941	0.029411764705882353	0.0	1
0.7890615425857843	0.7777777777777778	0.06944444444444445	0.041666666666666664	0.05555555555555555	0.013888888888888888	0.0	1
0.7173129446138211	0.5909090909090909	0.2727272727272727	0.045454545454545456	0.0	0.0	0.09090909090909091	1
0.34035669191919193	0.8157894736842105	0.06578947368421052	0.02631578947368421	0.02631578947368421	0.02631578947368421	0.0	1
0.4494527649769585	0.75	0.027777777777777776	0.08333333333333333	0.027777777777777776	0.0	0.05555555555555555	1
1.1022786458333333	0.7083333333333334	0.125	0.041666666666666664	0.041666666666666664	0.0	0.0	1
1.2373046875	0.6086956521739131	0.08695652173913043	0.17391304347826086	0.043478260869565216	0.0	0.0	1
0.6607478307787173	0.7317073170731707	0.0975609756097561	0.024390243902439025	0.04878048780487805	0.024390243902439025	0.0	1
0.4100318099800896	0.7719298245614035	0.03508771929824561	0.07017543859649122	0.017543859649122806	0.017543859649122806	0.03508771929824561	1
0.4767207170224412	0.5909090909090909	0.13636363636363635	0.045454545454545456	0.18181818181818182	0.0	0.0	1
0.5701549369747899	0.7391304347826086	0.17391304347826086	0.0	0.043478260869565216	0.043478260869565216	0.0	1
0.7286149722673161	0.5416666666666666	0.25	0.08333333333333333	0.0	0.08333333333333333	0.041666666666666664	1
1.1756306888935009	0.5172413793103449	0.1724137931034483	0.2413793103448276	0.0	0.034482758620689655	0.0	1
1.2373046875	0.55	0.1	0.2	0.05	0.0	0.0	1
0.39834694875017457	0.5909090909090909	0.13636363636363635	0.045454545454545456	0.18181818181818182	0.0	0.0	1
0.4646107626650079	0.8125	0.09375	0.0	0.0	0.03125	0.0	1
0.2822551169590643	0.6666666666666666	0.1111111111111111	0.1111111111111111	0.0	0.0	0.037037037037037035	1
1.2504264322916667	0.7045454545454546	0.09090909090909091	0.06818181818181818	0.06818181818181818	0.0	0.0	1
1.2373046875	0.5714285714285714	0.0	0.2857142857142857	0.047619047619047616	0.0	0.0	1
1.2373046875	0.631578947368421	0.0	0.2631578947368421	0.0	0.0	0.0	1
0.2627917833800187	0.7142857142857143	0.09523809523809523	0.14285714285714285	0.0	0.047619047619047616	0.0	1
0.46465707607994844	0.72	0.16	0.0	0.04	0.04	0.0	1
0.40724667774086376	0.5909090909090909	0.13636363636363635	0.045454545454545456	0.18181818181818182	0.0	0.0	1
0.09166666666666667	0.9285714285714286	0.0	0.07142857142857142	0.0	0.0	0.0	1
0.7888717536293364	0.7391304347826086	0.13043478260869565	0.043478260869565216	0.043478260869565216	0.0	0.0	1
1.0494791666666667	0.7647058823529411	0.058823529411764705	0.11764705882352941	0.0	0.058823529411764705	0.0	1
1.705419921875	0.29411764705882354	0.058823529411764705	0.47058823529411764	0.0	0.0	0.0	1
0.435586237287078	0.75	0.06944444444444445	0.1111111111111111	0.013888888888888888	0.013888888888888888	0.0	1
1.3178267045454546	0.6666666666666666	0.07692307692307693	0.10256410256410256	0.05128205128205128	0.02564102564102564	0.0	1
0.9210943312872024	0.6086956521739131	0.08695652173913043	0.043478260869565216	0.17391304347826086	0.08695652173913043	0.0	1
0.7810710745182304	0.75	0.038461538461538464	0.019230769230769232	0.057692307692307696	0.07692307692307693	0.019230769230769232	1
1.2373046875	0.5714285714285714	0.0	0.2857142857142857	0.047619047619047616	0.0	0.0	1
0.4767207170224412	0.55	0.15	0.15	0.1	0.0	0.0	1
0	0.8076923076923077	0.038461538461538464	0.038461538461538464	0.07692307692307693	0.0	0.0	1
1.2373046875	0.3	0.0	0.5	0.0	0.0	0.2	1
0.5095022490530303	0.7887323943661971	0.07042253521126761	0.0	0.014084507042253521	0.07042253521126761	0.0	1
0.6836607142857143	0.7391304347826086	0.13043478260869565	0.043478260869565216	0.0	0.043478260869565216	0.0	1
1.2373046875	0.65	0.0	0.15	0.1	0.0	0.0	1
0.4767207170224412	0.7391304347826086	0.08695652173913043	0.043478260869565216	0.043478260869565216	0.043478260869565216	0.0	1
0.9067382552914007	0.78	0.08	0.04	0.0	0.0	0.0	1
0.7013675718747325	0.6470588235294118	0.058823529411764705	0.23529411764705882	0.058823529411764705	0.0	0.0	1
0.7173129446138211	0.5909090909090909	0.2727272727272727	0.045454545454545456	0.0	0.0	0.09090909090909091	1
0.381524417562724	0.75	0.2	0.0	0.0	0.0	0.05	1
0.8174590701384383	0.8372093023255814	0.023255813953488372	0.046511627906976744	0.023255813953488372	0.0	0.0	1
0.3469818824569156	0.7192982456140351	0.03508771929824561	0.15789473684210525	0.03508771929824561	0.0	0.017543859649122806	1
0.4710410557184751	0.6956521739130435	0.21739130434782608	0.043478260869565216	0.0	0.0	0.043478260869565216	1
0.36438144440166004	0.7666666666666667	0.03333333333333333	0.13333333333333333	0.0	0.03333333333333333	0.0	1
0	0.6111111111111112	0.2222222222222222	0.05555555555555555	0.0	0.0	0.05555555555555555	1
0.4655150103519669	0.7333333333333333	0.13333333333333333	0.1	0.0	0.0	0.0	1
0.5774957492321193	0.7777777777777778	0.05555555555555555	0.05555555555555555	0.027777777777777776	0.0	0.0	1
0.23172420342734937	0.7894736842105263	0.07017543859649122	0.03508771929824561	0.05263157894736842	0.0	0.0	1
0.23676232050604074	0.8108108108108109	0.05405405405405406	0.05405405405405406	0.02702702702702703	0.0	0.02702702702702703	1
0.3279529335235857	0.7424242424242424	0.09090909090909091	0.09090909090909091	0.030303030303030304	0.0	0.0	1
0.570335790786385	0.7931034482758621	0.034482758620689655	0.05172413793103448	0.06896551724137931	0.0	0.017241379310344827	1
0.7610343356092437	0.5	0.1875	0.1875	0.0625	0.0	0.0	1
0.7528292151606795	0.7428571428571429	0.0	0.11428571428571428	0.08571428571428572	0.0	0.0	1
1.1022786458333333	0.5625	0.1875	0.125	0.0	0.125	0.0	1
0.7052065925802139	0.7450980392156863	0.0196078431372549	0.0784313725490196	0.0196078431372549	0.0196078431372549	0.0196078431372549	1
0.7047631144040991	0.6666666666666666	0.2	0.06666666666666667	0.0	0.0	0.0	1
0	0.7962962962962963	0.07407407407407407	0.05555555555555555	0.018518518518518517	0.0	0.0	1
0	0.8378378378378378	0.08108108108108109	0.0	0.02702702702702703	0.0	0.0	1
0	0.723404255319149	0.10638297872340426	0.0851063829787234	0.02127659574468085	0.02127659574468085	0.0	1
0.7995405526782381	0.8666666666666667	0.03333333333333333	0.0	0.0	0.03333333333333333	0.0	1
0.4987664473684211	0.734375	0.09375	0.03125	0.046875	0.015625	0.0	1
0.5539445317537073	0.4782608695652174	0.30434782608695654	0.13043478260869565	0.08695652173913043	0.0	0.0	1
0.6800088963541961	0.775	0.1	0.05	0.0	0.0	0.025	1
1.2648111979166665	0.16666666666666666	0.08333333333333333	0.75	0.0	0.0	0.0	1
0.6950520833333332	0.6363636363636364	0.0	0.0	0.2727272727272727	0.0	0.0	1
0.5999284224076704	0.6764705882352942	0.10294117647058823	0.1323529411764706	0.014705882352941176	0.0	0.029411764705882353	1
1.0206839767156863	0.6111111111111112	0.0	0.16666666666666666	0.1111111111111111	0.0	0.0	1
0.5733833731000354	0.684931506849315	0.1232876712328767	0.0410958904109589	0.0273972602739726	0.0136986301369863	0.0410958904109589	1
0.42822706428612506	0.88	0.0	0.08	0.0	0.0	0.04	1
0.628612303465269	0.5769230769230769	0.3076923076923077	0.0	0.07692307692307693	0.0	0.0	1
0.67634765625	0.6458333333333334	0.125	0.08333333333333333	0.08333333333333333	0.020833333333333332	0.020833333333333332	1
0.5751929506330915	0.7313432835820896	0.11940298507462686	0.04477611940298507	0.029850746268656716	0.0	0.0	1
0.22009637188208617	0.7674418604651163	0.09302325581395349	0.06976744186046512	0.023255813953488372	0.0	0.023255813953488372	1
0.5308743990384616	0.6923076923076923	0.11538461538461539	0.11538461538461539	0.038461538461538464	0.0	0.0	1
0.5699537037037037	0.6911764705882353	0.11764705882352941	0.014705882352941176	0.058823529411764705	0.0	0.029411764705882353	1
0.840979156525415	0.7073170731707317	0.04878048780487805	0.17073170731707318	0.0	0.0	0.024390243902439025	1
1.1029622395833334	0.3076923076923077	0.0	0.6153846153846154	0.0	0.07692307692307693	0.0	1
0.543132035868517	0.7096774193548387	0.12903225806451613	0.0	0.06451612903225806	0.03225806451612903	0.03225806451612903	1
0.8426967825940861	0.5882352941176471	0.23529411764705882	0.058823529411764705	0.0	0.11764705882352941	0.0	1
1.512939453125	0.7272727272727273	0.09090909090909091	0.06818181818181818	0.045454545454545456	0.0	0.0	1
0.8513595739135206	0.717391304347826	0.10869565217391304	0.06521739130434782	0.0	0.06521739130434782	0.021739130434782608	1
0.9075524594043837	0.7012987012987013	0.09090909090909091	0.05194805194805195	0.025974025974025976	0.03896103896103896	0.025974025974025976	1
0.3300395256916996	0.75	0.05555555555555555	0.1111111111111111	0.0	0.0	0.027777777777777776	1
0.5885639245014246	1.0	0.0	0.0	0.0	0.0	0.0	1
1.2131878081114484	0.6976744186046512	0.06976744186046512	0.06976744186046512	0.0	0.09302325581395349	0.0	1
0	0.8333333333333334	0.041666666666666664	0.020833333333333332	0.020833333333333332	0.020833333333333332	0.020833333333333332	1
0.2203125	0.7441860465116279	0.09302325581395349	0.023255813953488372	0.046511627906976744	0.023255813953488372	0.0	1
0.8892700436558176	0.7045454545454546	0.1590909090909091	0.045454545454545456	0.0	0.022727272727272728	0.0	1
0.45227581521739135	0.8181818181818182	0.022727272727272728	0.06818181818181818	0.022727272727272728	0.0	0.0	1
0.2689814814814815	0.8085106382978723	0.0851063829787234	0.0425531914893617	0.0	0.0	0.0	1
0.49344135802469136	0.8181818181818182	0.0	0.022727272727272728	0.11363636363636363	0.022727272727272728	0.0	1
0	0.6666666666666666	0.13333333333333333	0.06666666666666667	0.06666666666666667	0.0	0.0	1
0.3470065789473684	0.640625	0.125	0.0625	0.015625	0.109375	0.0	1
0.8297743363813921	0.7741935483870968	0.03225806451612903	0.16129032258064516	0.0	0.0	0.0	1
0.393939393939394	0.6666666666666666	0.13333333333333333	0.13333333333333333	0.0	0.06666666666666667	0.0	1
0.5569251490918947	0.5909090909090909	0.3181818181818182	0.09090909090909091	0.0	0.0	0.0	1
0.746176429155494	0.6862745098039216	0.058823529411764705	0.19607843137254902	0.0	0.0	0.0	1
0.8494794291834677	0.6764705882352942	0.08823529411764706	0.08823529411764706	0.029411764705882353	0.0	0.11764705882352941	1
1.3681640625	0.7894736842105263	0.05263157894736842	0.07894736842105263	0.0	0.02631578947368421	0.0	1
0.4430121993830001	0.7948717948717948	0.07692307692307693	0.05128205128205128	0.0	0.02564102564102564	0.02564102564102564	1
0.7473570338078948	0.7142857142857143	0.09523809523809523	0.09523809523809523	0.0	0.0	0.047619047619047616	1
0.8375323222469961	0.55	0.2	0.1	0.0	0.1	0.05	1
0.9014404296875	0.813953488372093	0.046511627906976744	0.0	0.046511627906976744	0.046511627906976744	0.0	1
0.7113804408482143	0.6304347826086957	0.15217391304347827	0.10869565217391304	0.043478260869565216	0.021739130434782608	0.0	1
0.6413117695630082	0.8	0.10909090909090909	0.0	0.0	0.0	0.0	1
1.9852242903275923	0.5277777777777778	0.16666666666666666	0.19444444444444445	0.027777777777777776	0.0	0.0	1
0.38890238276161526	0.8260869565217391	0.043478260869565216	0.021739130434782608	0.0	0.06521739130434782	0.0	1
0.5826737253289473	0.6571428571428571	0.11428571428571428	0.11428571428571428	0.02857142857142857	0.02857142857142857	0.0	1
0.6091328325255978	0.8823529411764706	0.0196078431372549	0.0	0.0	0.0196078431372549	0.0	1
0.1924249530956848	0.7777777777777778	0.14814814814814814	0.037037037037037035	0.0	0.0	0.037037037037037035	1
0.3891323875694914	0.5428571428571428	0.2	0.02857142857142857	0.14285714285714285	0.08571428571428572	0.0	1
0.5489651864035088	0.8166666666666667	0.08333333333333333	0.0	0.0	0.016666666666666666	0.0	1
0	0.7419354838709677	0.0967741935483871	0.06451612903225806	0.0	0.03225806451612903	0.0	1
0.4237566692073171	0.7777777777777778	0.07407407407407407	0.07407407407407407	0.037037037037037035	0.0	0.0	1
0.5720379112604264	0.6585365853658537	0.0975609756097561	0.17073170731707318	0.0	0.024390243902439025	0.0	1
0.9996744791666667	0.7777777777777778	0.0	0.2222222222222222	0.0	0.0	0.0	1
0.8416875504643747	0.7714285714285715	0.05714285714285714	0.08571428571428572	0.05714285714285714	0.0	0.0	1
0.9914295014880952	0.7	0.05	0.15	0.0	0.0	0.1	1
0	0.7419354838709677	0.0967741935483871	0.06451612903225806	0.0	0.03225806451612903	0.0	1
0	0.7719298245614035	0.07017543859649122	0.07017543859649122	0.0	0.0	0.03508771929824561	1
0.4237566692073171	0.7777777777777778	0.07407407407407407	0.07407407407407407	0.037037037037037035	0.0	0.0	1
0.9216145833333333	0.6538461538461539	0.15384615384615385	0.07692307692307693	0.0	0.0	0.0	1
0.8222765917145206	0.625	0.16666666666666666	0.041666666666666664	0.0	0.0	0.0625	1
0.6858350049268017	0.76	0.12	0.02666666666666667	0.013333333333333334	0.0	0.0	1
0.566773052548109	0.7272727272727273	0.07272727272727272	0.07272727272727272	0.03636363636363636	0.03636363636363636	0.0	1
0.4753592676386794	0.8214285714285714	0.0	0.03571428571428571	0.0	0.03571428571428571	0.03571428571428571	1
1.180106083127054	0.625	0.08333333333333333	0.125	0.0625	0.0	0.041666666666666664	1
0.6515201030210788	0.7307692307692307	0.11538461538461539	0.0	0.038461538461538464	0.0	0.0	1
0.43728298611111116	0.6470588235294118	0.29411764705882354	0.0	0.058823529411764705	0.0	0.0	1
0.5997092786983764	0.6842105263157895	0.15789473684210525	0.07894736842105263	0.02631578947368421	0.0	0.02631578947368421	1
1.8418172200520833	0.16666666666666666	0.0	0.6666666666666666	0.0	0.0	0.16666666666666666	1
1.423736572265625	0.16666666666666666	0.0	0.6666666666666666	0.0	0.0	0.08333333333333333	1
1.045962618733709	0.6491228070175439	0.12280701754385964	0.10526315789473684	0.03508771929824561	0.0	0.017543859649122806	1
0.4041110114300903	0.7	0.16666666666666666	0.03333333333333333	0.0	0.03333333333333333	0.0	1
0.8666360524665553	0.8032786885245902	0.04918032786885246	0.06557377049180328	0.01639344262295082	0.0	0.0	1
0	0.47058823529411764	0.35294117647058826	0.058823529411764705	0.0	0.11764705882352941	0.0	1
0.4863434703149553	0.782608695652174	0.08695652173913043	0.021739130434782608	0.0	0.043478260869565216	0.021739130434782608	1
0.5251225490196079	0.8461538461538461	0.07692307692307693	0.0	0.0	0.07692307692307693	0.0	1
0.781468023255814	0.7631578947368421	0.07894736842105263	0.0	0.039473684210526314	0.02631578947368421	0.013157894736842105	1
0.46875	0.8333333333333334	0.16666666666666666	0.0	0.0	0.0	0.0	1
0.22735983981693364	0.8421052631578947	0.15789473684210525	0.0	0.0	0.0	0.0	1
0.5956862745098039	0.8157894736842105	0.05263157894736842	0.07894736842105263	0.02631578947368421	0.0	0.02631578947368421	1
1.4526180691189237	0.6052631578947368	0.07894736842105263	0.13157894736842105	0.10526315789473684	0.02631578947368421	0.0	1
0.38906957013574656	0.6938775510204082	0.10204081632653061	0.061224489795918366	0.04081632653061224	0.0	0.04081632653061224	1
0.6647135416666667	0.7575757575757576	0.10101010101010101	0.04040404040404041	0.020202020202020204	0.020202020202020204	0.0	1
0.563961038961039	0.7083333333333334	0.125	0.125	0.0	0.0	0.041666666666666664	1
1.0028509324596775	0.6388888888888888	0.1388888888888889	0.05555555555555555	0.041666666666666664	0.08333333333333333	0.0	1
0.2534090909090909	0.7735849056603774	0.07547169811320754	0.03773584905660377	0.0	0.018867924528301886	0.0	1
0.35497332509333057	0.7362637362637363	0.10989010989010989	0.06593406593406594	0.04395604395604396	0.0	0.0	1
0.48352820152549175	0.7037037037037037	0.0	0.25925925925925924	0.0	0.0	0.0	1
0.6799479166666667	0.6111111111111112	0.1111111111111111	0.2777777777777778	0.0	0.0	0.0	1
0.6842676352339181	0.55	0.15	0.25	0.0	0.05	0.0	1
1.1140950520833335	0.5333333333333333	0.26666666666666666	0.2	0.0	0.0	0.0	1
1.586181640625	0.7777777777777778	0.018518518518518517	0.05555555555555555	0.037037037037037035	0.037037037037037035	0.05555555555555555	1
1.2580735491919506	0.7288135593220338	0.11864406779661017	0.03389830508474576	0.01694915254237288	0.0	0.0	1
0.8645189445970696	0.6923076923076923	0.11538461538461539	0.11538461538461539	0.0	0.0	0.07692307692307693	1
0.14462768615692154	0.6666666666666666	0.26666666666666666	0.0	0.0	0.0	0.06666666666666667	1
0.9401919904692082	0.46153846153846156	0.0	0.23076923076923078	0.3076923076923077	0.0	0.0	1
1.502366286057692	0.36363636363636365	0.3181818181818182	0.22727272727272727	0.0	0.0	0.0	1
1.3681640625	0.8666666666666667	0.03333333333333333	0.0	0.0	0.0	0.0	1
1.3681640625	0.625	0.125	0.15625	0.0	0.0	0.03125	1
2.111653369405995	0.7205882352941176	0.058823529411764705	0.11764705882352941	0.0	0.0	0.029411764705882353	1
0.6429115853658537	0.84375	0.03125	0.09375	0.0	0.0	0.03125	1
0.516812193627451	0.7037037037037037	0.1111111111111111	0.0	0.14814814814814814	0.037037037037037035	0.0	1
0.35	0.6666666666666666	0.16666666666666666	0.05555555555555555	0.05555555555555555	0.0	0.0	1
0.3759115231458437	0.7407407407407407	0.12962962962962962	0.037037037037037035	0.0	0.037037037037037035	0.0	1
0.5813210227272727	0.75	0.15384615384615385	0.019230769230769232	0.019230769230769232	0.0	0.0	1
1.473358154296875	0.3333333333333333	0.0	0.5833333333333334	0.0	0.0	0.08333333333333333	1
0.7270694375823452	0.7906976744186046	0.046511627906976744	0.0	0.06976744186046512	0.0	0.046511627906976744	1
0.8222765917145206	0.625	0.16666666666666666	0.041666666666666664	0.0	0.0	0.0625	1
0.265261994949495	0.8235294117647058	0.029411764705882353	0.058823529411764705	0.0	0.058823529411764705	0.029411764705882353	1
0.4875	0.8181818181818182	0.06060606060606061	0.06060606060606061	0.0	0.0	0.030303030303030304	1
0.7802646331538159	0.7722772277227723	0.0891089108910891	0.019801980198019802	0.0594059405940594	0.0	0.0	1
0.3135627530364372	0.7333333333333333	0.13333333333333333	0.13333333333333333	0.0	0.0	0.0	1
1.117319207442434	0.3333333333333333	0.16666666666666666	0.0	0.3888888888888889	0.0	0.1111111111111111	1
0.29286880013179706	0.7833333333333333	0.06666666666666667	0.08333333333333333	0.016666666666666666	0.0	0.0	1
0.23671218487394957	0.7391304347826086	0.13043478260869565	0.08695652173913043	0.0	0.0	0.0	1
0.42603084415584414	0.7560975609756098	0.12195121951219512	0.04878048780487805	0.024390243902439025	0.0	0.024390243902439025	1
0.34243755526083114	0.7272727272727273	0.13636363636363635	0.045454545454545456	0.0	0.09090909090909091	0.0	1
0.5249021342771343	0.75	0.0625	0.125	0.0	0.03125	0.0	1
0.4380365049245505	0.8076923076923077	0.07692307692307693	0.038461538461538464	0.01282051282051282	0.0	0.0	1
0.42848082215342276	0.6382978723404256	0.14893617021276595	0.0851063829787234	0.0425531914893617	0.0	0.0	1
0.6088120549369938	0.7073170731707317	0.17073170731707318	0.07317073170731707	0.0	0.024390243902439025	0.0	1
0.5314000857632933	0.7083333333333334	0.041666666666666664	0.125	0.08333333333333333	0.0	0.0	1
0.892330639142049	0.4444444444444444	0.16666666666666666	0.16666666666666666	0.2222222222222222	0.0	0.0	1
0.6030435781649616	0.7428571428571429	0.14285714285714285	0.0	0.0	0.02857142857142857	0.0	1
0.6810900126435352	0.717391304347826	0.13043478260869565	0.043478260869565216	0.0	0.0	0.043478260869565216	1
1.1198274903335044	0.8	0.044444444444444446	0.022222222222222223	0.0	0.06666666666666667	0.0	1
0	0.6458333333333334	0.10416666666666667	0.16666666666666666	0.020833333333333332	0.020833333333333332	0.0	1
0.2539087701612903	0.8	0.13333333333333333	0.0	0.0	0.0	0.0	1
0.7223525072820409	0.6538461538461539	0.1794871794871795	0.07692307692307693	0.0	0.01282051282051282	0.02564102564102564	1
0.9939239246267064	0.6721311475409836	0.16393442622950818	0.04918032786885246	0.06557377049180328	0.0	0.0	1
0.4050112612612613	0.6818181818181818	0.18181818181818182	0.045454545454545456	0.0	0.09090909090909091	0.0	1
0.39588978849966955	0.8372093023255814	0.06976744186046512	0.023255813953488372	0.0	0.023255813953488372	0.0	1
0.4507889093137255	0.6956521739130435	0.13043478260869565	0.08695652173913043	0.0	0.021739130434782608	0.021739130434782608	1
0.18193843193843193	0.7857142857142857	0.14285714285714285	0.0	0.0	0.07142857142857142	0.0	1
0	0.7142857142857143	0.14285714285714285	0.07142857142857142	0.0	0.047619047619047616	0.0	1
0.7755635092703349	0.7272727272727273	0.11363636363636363	0.0	0.03409090909090909	0.056818181818181816	0.0	1
0.6609290735747304	0.7446808510638298	0.1702127659574468	0.02127659574468085	0.0	0.02127659574468085	0.0	1
0.6440364583333333	0.6153846153846154	0.15384615384615385	0.15384615384615385	0.0	0.07692307692307693	0.0	1
0.943359375	0.6666666666666666	0.06060606060606061	0.030303030303030304	0.15151515151515152	0.0	0.030303030303030304	1
0.3241228070175438	0.6875	0.21875	0.03125	0.03125	0.0	0.0	1
0.6309523809523809	0.84375	0.0625	0.03125	0.0	0.0	0.0	1
0.4489809711799041	0.6538461538461539	0.15384615384615385	0.038461538461538464	0.07692307692307693	0.0	0.038461538461538464	1
0.5031489997522607	0.8461538461538461	0.07692307692307693	0.07692307692307693	0.0	0.0	0.0	1
0.4620483804952466	0.6901408450704225	0.11267605633802817	0.08450704225352113	0.04225352112676056	0.028169014084507043	0.0	1
0.520070936654729	0.7560975609756098	0.12195121951219512	0.04878048780487805	0.0	0.0	0.0	1
1.1709925071052885	0.64	0.06666666666666667	0.18666666666666668	0.04	0.0	0.0	1
0.6391883876948214	0.6486486486486487	0.05405405405405406	0.10810810810810811	0.10810810810810811	0.02702702702702703	0.0	1
0	0.8125	0.0625	0.041666666666666664	0.020833333333333332	0.0	0.041666666666666664	1
0.27556818181818177	0.631578947368421	0.3157894736842105	0.0	0.05263157894736842	0.0	0.0	1
0.7129176133343963	0.7534246575342466	0.0684931506849315	0.0410958904109589	0.0547945205479452	0.0136986301369863	0.0	1
0.4981853252316839	0.6538461538461539	0.2692307692307692	0.07692307692307693	0.0	0.0	0.0	1
0	0.3684210526315789	0.15789473684210525	0.3684210526315789	0.0	0.0	0.05263157894736842	1
0.6485243055555556	0.7666666666666667	0.16666666666666666	0.0	0.0	0.0	0.016666666666666666	1
0.2829213800904977	0.8235294117647058	0.029411764705882353	0.029411764705882353	0.0	0.029411764705882353	0.029411764705882353	1
0.5960787259615385	0.6190476190476191	0.09523809523809523	0.14285714285714285	0.047619047619047616	0.0	0.023809523809523808	1
0.7295012850650029	0.7142857142857143	0.14285714285714285	0.0	0.0	0.07142857142857142	0.0	1
0.4506578947368421	0.9285714285714286	0.03571428571428571	0.03571428571428571	0.0	0.0	0.0	1
0.44350263557580627	0.8095238095238095	0.047619047619047616	0.0	0.0	0.047619047619047616	0.0	1
0.7815272051474264	0.6415094339622641	0.22641509433962265	0.018867924528301886	0.0	0.018867924528301886	0.0	1
0.22841435185185185	0.75	0.125	0.041666666666666664	0.041666666666666664	0.0	0.041666666666666664	1
0.3908667557932264	0.7619047619047619	0.11904761904761904	0.0	0.0	0.07142857142857142	0.0	1
0.46875	0.8	0.0	0.0	0.2	0.0	0.0	1
0.10416666666666667	0.875	0.0	0.0	0.0	0.125	0.0	1
0.8428003562959736	0.42105263157894735	0.2631578947368421	0.15789473684210525	0.10526315789473684	0.0	0.05263157894736842	1
0.2218482905982906	0.7586206896551724	0.13793103448275862	0.0	0.0	0.06896551724137931	0.0	1
0.22841435185185185	0.75	0.125	0.041666666666666664	0.041666666666666664	0.0	0.041666666666666664	1
0.3907759661835749	0.75	0.10714285714285714	0.08928571428571429	0.0	0.0	0.0	1
0.22203947368421054	0.7857142857142857	0.07142857142857142	0.0	0.14285714285714285	0.0	0.0	1
0.0875	0.782608695652174	0.0	0.0	0.08695652173913043	0.08695652173913043	0.043478260869565216	1
0.8413113839285715	0.8285714285714286	0.014285714285714285	0.05714285714285714	0.0	0.0	0.0	1
0.30357142857142855	0.875	0.0	0.0	0.0	0.0	0.0	1
0.46688262195121955	0.8823529411764706	0.029411764705882353	0.08823529411764706	0.0	0.0	0.0	1
0.6667430920004382	0.8571428571428571	0.023809523809523808	0.023809523809523808	0.0	0.047619047619047616	0.0	1
0.49042150276262914	0.4634146341463415	0.14634146341463414	0.21951219512195122	0.04878048780487805	0.024390243902439025	0.07317073170731707	1
0.2864583333333333	0.5	0.3	0.1	0.1	0.0	0.0	1
0.60349397172949	0.7857142857142857	0.03571428571428571	0.14285714285714285	0.0	0.0	0.03571428571428571	1
0.5247810197472256	0.6111111111111112	0.125	0.05555555555555555	0.09722222222222222	0.06944444444444445	0.0	1
0.4858316558654098	0.7837837837837838	0.05405405405405406	0.08108108108108109	0.0	0.02702702702702703	0.02702702702702703	1
1.1010265003551136	0.5882352941176471	0.08823529411764706	0.29411764705882354	0.0	0.0	0.0	1
0.6806344696969697	0.59375	0.15625	0.21875	0.0	0.0	0.03125	1
0	0.9	0.03333333333333333	0.0	0.06666666666666667	0.0	0.0	1
0	0.7	0.13333333333333333	0.13333333333333333	0.0	0.03333333333333333	0.0	1
0.32588509316770187	0.8333333333333334	0.05555555555555555	0.1111111111111111	0.0	0.0	0.0	1
0.6753577441077441	0.7307692307692307	0.11538461538461539	0.11538461538461539	0.0	0.0	0.0	1
0.8289930555555556	0.3076923076923077	0.46153846153846156	0.0	0.23076923076923078	0.0	0.0	1
0.8100566519714296	0.6956521739130435	0.08695652173913043	0.13043478260869565	0.021739130434782608	0.021739130434782608	0.0	1
0.43638190670289856	0.7307692307692307	0.07692307692307693	0.038461538461538464	0.0	0.07692307692307693	0.07692307692307693	1
0.9738281249999999	0.6086956521739131	0.2608695652173913	0.0	0.043478260869565216	0.0	0.0	1
0.35863095238095233	0.7619047619047619	0.14285714285714285	0.09523809523809523	0.0	0.0	0.0	1
0.4651787482669835	0.5151515151515151	0.2727272727272727	0.12121212121212122	0.0	0.0	0.030303030303030304	1
0	0.7073170731707317	0.04878048780487805	0.17073170731707318	0.0	0.024390243902439025	0.0	1
0.5729702062774124	0.5555555555555556	0.2777777777777778	0.05555555555555555	0.05555555555555555	0.0	0.05555555555555555	1
0.2294254658385093	0.8275862068965517	0.06896551724137931	0.06896551724137931	0.034482758620689655	0.0	0.0	1
0.39525113049095606	0.7575757575757576	0.09090909090909091	0.0	0.09090909090909091	0.06060606060606061	0.0	1
0.534655552672548	0.8571428571428571	0.0	0.017857142857142856	0.03571428571428571	0.017857142857142856	0.03571428571428571	1
0	0.6551724137931034	0.1724137931034483	0.06896551724137931	0.10344827586206896	0.0	0.0	1
1.0494791666666667	0.6666666666666666	0.0	0.26666666666666666	0.0	0.06666666666666667	0.0	1
0.5179962891894088	0.7413793103448276	0.10344827586206896	0.0	0.034482758620689655	0.06896551724137931	0.017241379310344827	1
0.5361716483188257	0.5217391304347826	0.043478260869565216	0.043478260869565216	0.13043478260869565	0.2608695652173913	0.0	1
1.192672495578487	0.7407407407407407	0.07407407407407407	0.037037037037037035	0.07407407407407407	0.0	0.0	1
1.512939453125	0.46153846153846156	0.2692307692307692	0.15384615384615385	0.038461538461538464	0.0	0.038461538461538464	1
0	0.7435897435897436	0.15384615384615385	0.02564102564102564	0.05128205128205128	0.0	0.0	1
0.7828124999999999	0.375	0.0	0.0	0.625	0.0	0.0	1
0.36178865777080066	0.7021276595744681	0.10638297872340426	0.0425531914893617	0.06382978723404255	0.0425531914893617	0.0	1
0.7675614323457137	0.4444444444444444	0.3333333333333333	0.18518518518518517	0.0	0.0	0.0	1
0.39538690476190474	0.7837837837837838	0.08108108108108109	0.0	0.04054054054054054	0.013513513513513514	0.0	1
0.38541666666666663	0.7647058823529411	0.058823529411764705	0.11764705882352941	0.058823529411764705	0.0	0.0	1
0.15163043478260868	0.8235294117647058	0.08823529411764706	0.0	0.0	0.029411764705882353	0.058823529411764705	1
0.6193321227680456	0.7662337662337663	0.1038961038961039	0.05194805194805195	0.012987012987012988	0.0	0.0	1
0	0.6521739130434783	0.17391304347826086	0.08695652173913043	0.0	0.08695652173913043	0.0	1
0.7961338520420551	0.4666666666666667	0.13333333333333333	0.26666666666666666	0.03333333333333333	0.06666666666666667	0.0	1
0.8317174592579804	0.4444444444444444	0.25925925925925924	0.25925925925925924	0.037037037037037035	0.0	0.0	1
0.3656976744186047	0.7575757575757576	0.09090909090909091	0.12121212121212122	0.0	0.0	0.0	1
0.35802350581587195	0.5945945945945946	0.13513513513513514	0.16216216216216217	0.05405405405405406	0.0	0.0	1
0.3702475798764052	0.6129032258064516	0.1935483870967742	0.06451612903225806	0.06451612903225806	0.0	0.0	1
0.401423563174311	0.8275862068965517	0.06896551724137931	0.034482758620689655	0.0	0.034482758620689655	0.0	1
0.7857711226851851	0.6875	0.1875	0.0	0.125	0.0	0.0	1
0	0.7551020408163265	0.061224489795918366	0.04081632653061224	0.04081632653061224	0.04081632653061224	0.04081632653061224	1
0.7551264858702154	0.5510204081632653	0.10204081632653061	0.14285714285714285	0.12244897959183673	0.061224489795918366	0.0	1
0.32945261437908496	0.875	0.041666666666666664	0.0	0.0	0.041666666666666664	0.0	1
0.29551095113793946	0.8048780487804879	0.07317073170731707	0.0	0.0	0.0975609756097561	0.0	1
0.3817298012955182	0.7169811320754716	0.11320754716981132	0.03773584905660377	0.0	0.018867924528301886	0.018867924528301886	1
0.893916502453032	0.44	0.12	0.36	0.0	0.04	0.0	1
0.3836987733976177	0.8620689655172413	0.0	0.06896551724137931	0.0	0.06896551724137931	0.0	1
0.6964393028846154	0.6304347826086957	0.21739130434782608	0.06521739130434782	0.021739130434782608	0.0	0.0	1
0.5013880159228996	0.5555555555555556	0.2222222222222222	0.1111111111111111	0.037037037037037035	0.037037037037037035	0.0	1
0.24895833333333334	0.7142857142857143	0.14285714285714285	0.09523809523809523	0.047619047619047616	0.0	0.0	1
0.6955180921052632	0.8260869565217391	0.0	0.08695652173913043	0.0	0.043478260869565216	0.0	1
0.7787367634053746	0.7659574468085106	0.1276595744680851	0.0425531914893617	0.0	0.0	0.0	1
1.0180942108709772	0.6779661016949152	0.2033898305084746	0.03389830508474576	0.0	0.0	0.03389830508474576	1
0	0.7857142857142857	0.14285714285714285	0.0	0.0	0.0	0.0	1
0.2839562908496732	0.8301886792452831	0.018867924528301886	0.09433962264150944	0.0	0.0	0.0	1
0.41031832011801583	0.6666666666666666	0.08333333333333333	0.0	0.0	0.125	0.041666666666666664	1
0.7956168619791667	0.75	0.0	0.0625	0.09375	0.03125	0.0	1
0.9061594498038714	0.7636363636363637	0.03636363636363636	0.03636363636363636	0.10909090909090909	0.0	0.0	1
0	0.7708333333333334	0.08333333333333333	0.0625	0.020833333333333332	0.0	0.041666666666666664	1
0.8886400266288129	0.8285714285714286	0.08571428571428572	0.02857142857142857	0.0	0.02857142857142857	0.0	1
0.53390065913371	0.6333333333333333	0.1	0.1	0.06666666666666667	0.03333333333333333	0.03333333333333333	1
0.39513739224137934	0.7755102040816326	0.04081632653061224	0.061224489795918366	0.061224489795918366	0.0	0.0	1
1.512939453125	0.6440677966101694	0.11864406779661017	0.06779661016949153	0.0847457627118644	0.03389830508474576	0.0	1
0.5817158385093167	0.6111111111111112	0.2777777777777778	0.0	0.0	0.0	0.05555555555555555	1
0.40950520833333337	0.7346938775510204	0.10204081632653061	0.10204081632653061	0.0	0.0	0.0	1
0.7365284843160926	0.7638888888888888	0.08333333333333333	0.06944444444444445	0.013888888888888888	0.013888888888888888	0.013888888888888888	1
1.7515970865885415	0.7333333333333333	0.1111111111111111	0.06666666666666667	0.022222222222222223	0.0	0.0	1
0.3958708708708709	0.7169811320754716	0.09433962264150944	0.07547169811320754	0.05660377358490566	0.018867924528301886	0.0	1
1.5561726888020833	0.16666666666666666	0.0	0.75	0.0	0.0	0.0	1
0.49713861588861585	0.6086956521739131	0.08695652173913043	0.30434782608695654	0.0	0.0	0.0	1
0.4985601570742113	0.7333333333333333	0.06666666666666667	0.1	0.016666666666666666	0.03333333333333333	0.0	1
0.44459214513475187	0.8289473684210527	0.05263157894736842	0.013157894736842105	0.02631578947368421	0.0	0.039473684210526314	1
0.5711277173913043	0.5882352941176471	0.0	0.0	0.29411764705882354	0.0	0.11764705882352941	1
0.5534643308080809	0.6551724137931034	0.13793103448275862	0.0	0.10344827586206896	0.0	0.06896551724137931	1
0.42714912280701756	0.7272727272727273	0.09090909090909091	0.09090909090909091	0.030303030303030304	0.030303030303030304	0.030303030303030304	1
0.5550617615467239	0.8387096774193549	0.03225806451612903	0.016129032258064516	0.016129032258064516	0.04838709677419355	0.0	1
0	0.6956521739130435	0.08695652173913043	0.13043478260869565	0.0	0.043478260869565216	0.0	1
0.9063914054456569	0.7368421052631579	0.10526315789473684	0.02631578947368421	0.0	0.0	0.02631578947368421	1
0.45541332951945085	0.7142857142857143	0.07142857142857142	0.21428571428571427	0.0	0.0	0.0	1
0.44482080419580416	0.7796610169491526	0.0847457627118644	0.03389830508474576	0.05084745762711865	0.0	0.01694915254237288	1
0.6857032526552288	0.7272727272727273	0.09090909090909091	0.09090909090909091	0.030303030303030304	0.0	0.030303030303030304	1
0.3121515679442509	0.8095238095238095	0.07142857142857142	0.047619047619047616	0.0	0.023809523809523808	0.0	1
0.7281836890601538	0.7346938775510204	0.061224489795918366	0.08163265306122448	0.061224489795918366	0.0	0.0	1
0.45107588489941436	0.7916666666666666	0.0	0.08333333333333333	0.041666666666666664	0.0	0.08333333333333333	1
0.37033720355731226	0.7727272727272727	0.09090909090909091	0.0	0.09090909090909091	0.0	0.0	1
0.5151382232268664	0.7361111111111112	0.1111111111111111	0.06944444444444445	0.013888888888888888	0.027777777777777776	0.0	1
1.171875	0.7142857142857143	0.07142857142857142	0.08928571428571429	0.08928571428571429	0.0	0.0	1
0.7290581597222223	0.6923076923076923	0.07692307692307693	0.038461538461538464	0.0	0.15384615384615385	0.038461538461538464	1
0.4923482374833228	0.7802197802197802	0.08791208791208792	0.054945054945054944	0.01098901098901099	0.0	0.03296703296703297	1
0.7675614323457137	0.5588235294117647	0.08823529411764706	0.29411764705882354	0.029411764705882353	0.0	0.0	1
0	0.7307692307692307	0.038461538461538464	0.038461538461538464	0.11538461538461539	0.0	0.038461538461538464	1
0.146447903888467	0.7777777777777778	0.027777777777777776	0.05555555555555555	0.027777777777777776	0.05555555555555555	0.027777777777777776	1
0.6300333221326165	0.5357142857142857	0.10714285714285714	0.21428571428571427	0.03571428571428571	0.0	0.0	1
1.171875	0.696969696969697	0.12121212121212122	0.12121212121212122	0.0	0.0	0.0	1
0.49835672905525846	0.8043478260869565	0.08695652173913043	0.021739130434782608	0.021739130434782608	0.0	0.021739130434782608	1
0.16091294298921419	0.5714285714285714	0.32142857142857145	0.07142857142857142	0.0	0.0	0.0	1
0.8999114407409767	0.8088235294117647	0.07352941176470588	0.0	0.014705882352941176	0.04411764705882353	0.0	1
0.15068011257035646	0.7567567567567568	0.08108108108108109	0.08108108108108109	0.0	0.0	0.02702702702702703	1
1.492431640625	0.691358024691358	0.07407407407407407	0.08641975308641975	0.06172839506172839	0.012345679012345678	0.0	1
0.6128551136363636	0.8571428571428571	0.04081632653061224	0.0	0.0	0.0	0.061224489795918366	1
0.41618902439024386	0.8076923076923077	0.07692307692307693	0.038461538461538464	0.0	0.038461538461538464	0.0	1
0.4804802769640767	0.7878787878787878	0.12121212121212122	0.030303030303030304	0.0	0.0	0.0	1
1.7847627338610197	0.6764705882352942	0.08823529411764706	0.08823529411764706	0.0	0.0	0.11764705882352941	1
0.17567711287577992	0.75	0.14285714285714285	0.0	0.0	0.07142857142857142	0.0	1
0	0.8125	0.125	0.0	0.0625	0.0	0.0	1
0.4394945396297214	0.75	0.125	0.041666666666666664	0.0	0.041666666666666664	0.0	1
0.8639837295290023	0.7142857142857143	0.02857142857142857	0.11428571428571428	0.05714285714285714	0.0	0.05714285714285714	1
0.7074934853094649	0.75	0.020833333333333332	0.0625	0.041666666666666664	0.020833333333333332	0.041666666666666664	1
0.20170454545454547	0.7714285714285715	0.02857142857142857	0.05714285714285714	0.02857142857142857	0.02857142857142857	0.0	1
0.2911989795918367	0.7142857142857143	0.07142857142857142	0.11904761904761904	0.023809523809523808	0.047619047619047616	0.023809523809523808	1
0.9491722470238095	0.6938775510204082	0.061224489795918366	0.0	0.04081632653061224	0.061224489795918366	0.08163265306122448	1
0.09166666666666667	0.8	0.13333333333333333	0.0	0.0	0.0	0.06666666666666667	1
0.2444655635062612	0.7872340425531915	0.06382978723404255	0.0	0.0425531914893617	0.0425531914893617	0.0	1
0.5821799747735313	0.6666666666666666	0.13333333333333333	0.1	0.06666666666666667	0.03333333333333333	0.0	1
0.8242665372153586	0.6571428571428571	0.21428571428571427	0.0	0.04285714285714286	0.014285714285714285	0.0	1
0.41618902439024386	0.8148148148148148	0.07407407407407407	0.037037037037037035	0.0	0.037037037037037035	0.0	1
0.5328125	0.8	0.05	0.0	0.1	0.05	0.0	1
0	0.7777777777777778	0.1111111111111111	0.037037037037037035	0.0	0.037037037037037035	0.0	1
0.6941841744087838	0.56	0.08	0.2	0.04	0.08	0.04	1
0.7325947270800213	0.6956521739130435	0.08695652173913043	0.17391304347826086	0.043478260869565216	0.0	0.0	1
1.4958114624023438	0.7428571428571429	0.08571428571428572	0.02857142857142857	0.08571428571428572	0.0	0.0	1
0.2969017094017094	0.6538461538461539	0.07692307692307693	0.07692307692307693	0.038461538461538464	0.07692307692307693	0.038461538461538464	1
0.14962121212121213	0.6190476190476191	0.14285714285714285	0.047619047619047616	0.047619047619047616	0.0	0.0	1
0.4185474537037037	0.7142857142857143	0.17142857142857143	0.0	0.0	0.05714285714285714	0.02857142857142857	1
0.2487466551840802	0.7592592592592593	0.09259259259259259	0.037037037037037035	0.018518518518518517	0.0	0.0	1
0.1327371105596912	0.7096774193548387	0.0967741935483871	0.0967741935483871	0.0	0.0	0.03225806451612903	1
0.2686594202898551	0.7083333333333334	0.041666666666666664	0.041666666666666664	0.08333333333333333	0.0	0.125	1
0.5351926436335404	0.7346938775510204	0.02040816326530612	0.10204081632653061	0.02040816326530612	0.02040816326530612	0.02040816326530612	1
0.36921296296296297	0.6956521739130435	0.043478260869565216	0.08695652173913043	0.08695652173913043	0.0	0.08695652173913043	1
0.22478991596638653	0.75	0.08333333333333333	0.0625	0.0	0.041666666666666664	0.0	1
0.32746312111801246	0.723404255319149	0.0851063829787234	0.0851063829787234	0.06382978723404255	0.0	0.02127659574468085	1
1.492431640625	0.782608695652174	0.0	0.13043478260869565	0.043478260869565216	0.0	0.0	1
0.4039351851851852	0.7777777777777778	0.1111111111111111	0.037037037037037035	0.0	0.037037037037037035	0.0	1
0.05042016806722689	0.8	0.0	0.06666666666666667	0.06666666666666667	0.0	0.06666666666666667	1
0.6238012566137566	0.8048780487804879	0.07317073170731707	0.04878048780487805	0.0	0.0	0.04878048780487805	1
0.4739689193766938	0.6363636363636364	0.2727272727272727	0.09090909090909091	0.0	0.0	0.0	1
0.12399557417786726	0.68	0.12	0.08	0.0	0.0	0.08	1
0	0.7272727272727273	0.0	0.045454545454545456	0.09090909090909091	0.09090909090909091	0.0	1
0.7504386697860963	0.3076923076923077	0.23076923076923078	0.46153846153846156	0.0	0.0	0.0	1
0	1.0	0.0	0.0	0.0	0.0	0.0	1
0.31869820903501733	0.775	0.1	0.0	0.0	0.075	0.0	1
0.1658802467385139	0.7096774193548387	0.06451612903225806	0.12903225806451613	0.0	0.0	0.0	1
0.4762753868471954	0.7818181818181819	0.07272727272727272	0.07272727272727272	0.0	0.01818181818181818	0.0	1
0.46942437463137077	0.8125	0.0625	0.0625	0.0	0.0	0.03125	1
0.6196324445199275	0.8	0.11428571428571428	0.02857142857142857	0.0	0.0	0.0	1
0.5442069353648765	0.5641025641025641	0.23076923076923078	0.05128205128205128	0.02564102564102564	0.0	0.0	1
0.553813775510204	0.631578947368421	0.10526315789473684	0.10526315789473684	0.0	0.0	0.0	1
0.1327371105596912	0.7096774193548387	0.0967741935483871	0.0967741935483871	0.0	0.0	0.03225806451612903	1
0.36799904515155935	0.8571428571428571	0.047619047619047616	0.0	0.0	0.0	0.09523809523809523	1
0.13196813349252373	0.88	0.0	0.0	0.04	0.04	0.0	1
0.649292683061634	0.7428571428571429	0.05714285714285714	0.08571428571428572	0.05714285714285714	0.0	0.02857142857142857	1
0.6466387123893128	0.6923076923076923	0.11538461538461539	0.07692307692307693	0.11538461538461539	0.0	0.0	1
0.41618902439024386	0.8148148148148148	0.07407407407407407	0.037037037037037035	0.0	0.037037037037037035	0.0	1
0.7504386697860963	0.3076923076923077	0.23076923076923078	0.46153846153846156	0.0	0.0	0.0	1
0.12058080808080808	0.6956521739130435	0.043478260869565216	0.13043478260869565	0.0	0.08695652173913043	0.043478260869565216	1
0.9982963065982972	0.23076923076923078	0.0	0.7692307692307693	0.0	0.0	0.0	1
0.38409391534391535	0.75	0.0625	0.03125	0.03125	0.09375	0.0	1
1.0118448663028348	0.8064516129032258	0.0	0.0967741935483871	0.03225806451612903	0.0	0.0	1
0.7932066306089745	0.7377049180327869	0.06557377049180328	0.08196721311475409	0.03278688524590164	0.0	0.04918032786885246	1
1.6319308810763888	0.47368421052631576	0.10526315789473684	0.05263157894736842	0.21052631578947367	0.05263157894736842	0.0	1
0.7172309027777777	0.7894736842105263	0.0	0.0	0.10526315789473684	0.10526315789473684	0.0	1
0.9126348586309525	0.6111111111111112	0.0	0.3333333333333333	0.05555555555555555	0.0	0.0	1
0.34143407465310394	0.75	0.08333333333333333	0.041666666666666664	0.041666666666666664	0.020833333333333332	0.020833333333333332	1
0.4288361796331436	0.8032786885245902	0.04918032786885246	0.06557377049180328	0.03278688524590164	0.0	0.0	1
0	0.8513513513513513	0.06756756756756757	0.013513513513513514	0.013513513513513514	0.013513513513513514	0.013513513513513514	1
0.9085611979166667	0.42105263157894735	0.3684210526315789	0.0	0.10526315789473684	0.05263157894736842	0.05263157894736842	1
0.8993116258741258	0.4444444444444444	0.1111111111111111	0.2222222222222222	0.0	0.1111111111111111	0.0	1
0.5283380168606985	0.7288135593220338	0.1016949152542373	0.05084745762711865	0.03389830508474576	0.03389830508474576	0.03389830508474576	1
0.3032938198953824	0.673469387755102	0.12244897959183673	0.12244897959183673	0.02040816326530612	0.0	0.0	1
0.36090686274509803	0.8	0.08	0.0	0.0	0.12	0.0	1
1.1373046875	0.5652173913043478	0.0	0.0	0.0	0.043478260869565216	0.17391304347826086	1
0.8591694078947367	0.7142857142857143	0.14285714285714285	0.07142857142857142	0.07142857142857142	0.0	0.0	1
0.44187725133887573	0.696969696969697	0.15151515151515152	0.09090909090909091	0.030303030303030304	0.0	0.0	1
0.3330796749939364	0.5833333333333334	0.20833333333333334	0.08333333333333333	0.0	0.041666666666666664	0.0	1
1.0908203125	0.2	0.1	0.5	0.0	0.0	0.2	1
0.9270212273848685	0.5652173913043478	0.0	0.30434782608695654	0.043478260869565216	0.0	0.0	1
0.7432883522727273	0.8333333333333334	0.09523809523809523	0.0	0.0	0.0	0.0	1
0.9052734375	0.4	0.26666666666666666	0.3333333333333333	0.0	0.0	0.0	1
0	0.7222222222222222	0.027777777777777776	0.19444444444444445	0.0	0.05555555555555555	0.0	1
1.32568359375	0.14285714285714285	0.0	0.7857142857142857	0.0	0.0	0.0	1
0.9052734375	0.6666666666666666	0.1111111111111111	0.2222222222222222	0.0	0.0	0.0	1
0.8196518841911764	0.5882352941176471	0.058823529411764705	0.17647058823529413	0.17647058823529413	0.0	0.0	1
0.6405962775735294	0.625	0.16666666666666666	0.0625	0.041666666666666664	0.0625	0.0	1
0.9580078125	0.47058823529411764	0.058823529411764705	0.058823529411764705	0.17647058823529413	0.23529411764705882	0.0	1
0.39208447802197804	0.7777777777777778	0.1111111111111111	0.05555555555555555	0.0	0.0	0.0	1
0	0.75	0.0	0.25	0.0	0.0	0.0	1
0.3102766798418972	0.8125	0.0	0.125	0.0	0.0625	0.0	1
0.15773809523809523	0.782608695652174	0.13043478260869565	0.0	0.08695652173913043	0.0	0.0	1
0.21875	0.8181818181818182	0.0	0.09090909090909091	0.09090909090909091	0.0	0.0	1
1.9920144081115723	0.5869565217391305	0.043478260869565216	0.2608695652173913	0.021739130434782608	0.0	0.06521739130434782	1
0.42690032848601167	0.7962962962962963	0.05555555555555555	0.05555555555555555	0.0	0.0	0.0	1
0.41773504273504275	0.62	0.18	0.08	0.02	0.02	0.0	1
0.21875	0.9230769230769231	0.07692307692307693	0.0	0.0	0.0	0.0	1
0.4716096698113208	0.7647058823529411	0.08823529411764706	0.029411764705882353	0.029411764705882353	0.029411764705882353	0.029411764705882353	1
0.6223630353620215	0.676923076923077	0.15384615384615385	0.046153846153846156	0.03076923076923077	0.03076923076923077	0.0	1
0.34806461761545715	0.6666666666666666	0.09803921568627451	0.11764705882352941	0.058823529411764705	0.0	0.0	1
0.7758440290178572	0.5714285714285714	0.09523809523809523	0.14285714285714285	0.09523809523809523	0.0	0.047619047619047616	1
0.3102766798418972	0.8333333333333334	0.041666666666666664	0.0	0.08333333333333333	0.0	0.0	1
0.3726315789473684	0.6666666666666666	0.2	0.13333333333333333	0.0	0.0	0.0	1
0	1.0	0.0	0.0	0.0	0.0	0.0	1
0.6309191075766959	0.5666666666666667	0.23333333333333334	0.03333333333333333	0.0	0.06666666666666667	0.0	1
0.15773809523809523	0.782608695652174	0.13043478260869565	0.0	0.08695652173913043	0.0	0.0	1
0.21875	0.8181818181818182	0.0	0.09090909090909091	0.09090909090909091	0.0	0.0	1
0.31592592592592594	0.7878787878787878	0.09090909090909091	0.030303030303030304	0.0	0.0	0.030303030303030304	1
0.5872767857142858	0.7068965517241379	0.08620689655172414	0.06896551724137931	0.06896551724137931	0.017241379310344827	0.034482758620689655	1
0.9932384672619048	0.6956521739130435	0.0	0.13043478260869565	0.08695652173913043	0.0	0.0	1
1.5140860421316962	0.5675675675675675	0.02702702702702703	0.24324324324324326	0.02702702702702703	0.02702702702702703	0.05405405405405406	1
0.5563579358552632	0.5686274509803921	0.19607843137254902	0.0392156862745098	0.058823529411764705	0.0784313725490196	0.0196078431372549	1
0.09	0.6363636363636364	0.18181818181818182	0.09090909090909091	0.0	0.09090909090909091	0.0	1
0.820344002016129	0.5882352941176471	0.11764705882352941	0.23529411764705882	0.058823529411764705	0.0	0.0	1
1.747176034109933	0.7205882352941176	0.07352941176470588	0.029411764705882353	0.08823529411764706	0.0	0.014705882352941176	1
1.23486328125	0.7866666666666666	0.06666666666666667	0.05333333333333334	0.04	0.013333333333333334	0.0	1
1.1508829752604166	0.5882352941176471	0.058823529411764705	0.11764705882352941	0.058823529411764705	0.058823529411764705	0.0	1
0.4611263368983957	0.7096774193548387	0.12903225806451613	0.0967741935483871	0.0	0.03225806451612903	0.0	1
0.26704545454545453	0.8181818181818182	0.09090909090909091	0.0	0.0	0.0	0.0	1
0.2827016129032258	0.8181818181818182	0.09090909090909091	0.022727272727272728	0.0	0.0	0.0	1
0.26198022312373226	0.7096774193548387	0.16129032258064516	0.03225806451612903	0.0	0.0	0.03225806451612903	1
0.9865196219267993	0.7727272727272727	0.022727272727272728	0.022727272727272728	0.09090909090909091	0.022727272727272728	0.0	1
0.29338850224019464	0.75	0.08333333333333333	0.020833333333333332	0.0625	0.0	0.0	1
0.4158036617758664	0.7346938775510204	0.08163265306122448	0.0	0.061224489795918366	0.04081632653061224	0.02040816326530612	1
0.47094298245614036	0.7272727272727273	0.045454545454545456	0.18181818181818182	0.0	0.0	0.0	1
0.6131670321637427	0.7228915662650602	0.07228915662650602	0.0963855421686747	0.024096385542168676	0.024096385542168676	0.024096385542168676	1
0.8549347675492611	0.5714285714285714	0.25	0.07142857142857142	0.0	0.07142857142857142	0.0	1
0.7071653952034341	0.7678571428571429	0.0	0.017857142857142856	0.017857142857142856	0.10714285714285714	0.03571428571428571	1
0.5437556350941856	0.7627118644067796	0.11864406779661017	0.05084745762711865	0.0	0.01694915254237288	0.0	1
0.7771626391441994	0.5641025641025641	0.2564102564102564	0.05128205128205128	0.02564102564102564	0.05128205128205128	0.0	1
1.186767578125	0.6363636363636364	0.18181818181818182	0.0	0.09090909090909091	0.0	0.0	1
0.46633184523809523	0.717391304347826	0.17391304347826086	0.021739130434782608	0.0	0.021739130434782608	0.0	1
0.6682794674949211	0.7058823529411765	0.1568627450980392	0.0196078431372549	0.0196078431372549	0.0	0.0196078431372549	1
0.44533547898094933	0.8	0.1111111111111111	0.044444444444444446	0.0	0.0	0.0	1
0	0.8125	0.0625	0.0625	0.0	0.0625	0.0	1
0.47553453947368424	0.8235294117647058	0.058823529411764705	0.029411764705882353	0.0	0.029411764705882353	0.0	1
0.4977696818210401	0.7209302325581395	0.11627906976744186	0.023255813953488372	0.023255813953488372	0.046511627906976744	0.023255813953488372	1
0.8418620619911945	0.7058823529411765	0.14705882352941177	0.058823529411764705	0.029411764705882353	0.0	0.0	1
0.6235329567849099	0.5555555555555556	0.2222222222222222	0.05555555555555555	0.0	0.1111111111111111	0.05555555555555555	1
0.3709257392473118	0.6153846153846154	0.15384615384615385	0.15384615384615385	0.0	0.0	0.0	1
0.6101190476190477	0.8235294117647058	0.0	0.0	0.058823529411764705	0.11764705882352941	0.0	1
0.978515625	0.5714285714285714	0.14285714285714285	0.0	0.14285714285714285	0.0	0.14285714285714285	1
0.5178571428571428	0.65	0.125	0.025	0.075	0.05	0.0	1
0.4755345394736843	0.6666666666666666	0.25	0.0	0.0	0.08333333333333333	0.0	1
0.7386718750000001	0.5555555555555556	0.0	0.4444444444444444	0.0	0.0	0.0	1
0.6096414675158516	0.7272727272727273	0.09090909090909091	0.09090909090909091	0.030303030303030304	0.0	0.0	1
0.17559523809523808	0.6818181818181818	0.13636363636363635	0.0	0.13636363636363635	0.0	0.045454545454545456	1
0.978515625	0.5	0.0	0.0	0.5	0.0	0.0	1
0.4708333333333333	0.7241379310344828	0.034482758620689655	0.034482758620689655	0.13793103448275862	0.034482758620689655	0.0	1
0.3736223849180649	0.76	0.12	0.0	0.02	0.0	0.04	1
0.6671875	0.6	0.0	0.2	0.1	0.0	0.0	1
1.186767578125	0.6363636363636364	0.18181818181818182	0.0	0.09090909090909091	0.0	0.0	1
0.46875	0.7272727272727273	0.18181818181818182	0.0	0.0	0.0	0.0	1
0.23958333333333331	0.7368421052631579	0.05263157894736842	0.05263157894736842	0.10526315789473684	0.0	0.0	1
0.7042503720238096	0.8478260869565217	0.021739130434782608	0.06521739130434782	0.0	0.0	0.0	1
0.8514680989583332	0.7872340425531915	0.06382978723404255	0.02127659574468085	0.02127659574468085	0.0425531914893617	0.0	1
0.74415102905569	0.7837837837837838	0.08108108108108109	0.02702702702702703	0.02702702702702703	0.0	0.0	1
0.38611778846153844	0.75	0.11363636363636363	0.045454545454545456	0.022727272727272728	0.0	0.022727272727272728	1
0.6051350911458333	0.6923076923076923	0.0	0.0	0.07692307692307693	0.07692307692307693	0.07692307692307693	1
0	0.7547169811320755	0.09433962264150944	0.07547169811320754	0.03773584905660377	0.0	0.018867924528301886	1
0.24701497497994906	0.75	0.06666666666666667	0.06666666666666667	0.03333333333333333	0.0	0.0	1
0.7780871671295861	0.6	0.2	0.1	0.05	0.0	0.0	1
0.8438134433460884	0.7142857142857143	0.0	0.05714285714285714	0.08571428571428572	0.0	0.0	1
0.21164021164021163	0.7192982456140351	0.07017543859649122	0.07017543859649122	0.017543859649122806	0.03508771929824561	0.0	1
0.43375744047619047	0.6721311475409836	0.19672131147540983	0.04918032786885246	0.04918032786885246	0.0	0.0	1
0.6507638888888889	0.6521739130434783	0.043478260869565216	0.13043478260869565	0.08695652173913043	0.08695652173913043	0.0	1
0.9908150621639784	0.42857142857142855	0.047619047619047616	0.047619047619047616	0.23809523809523808	0.047619047619047616	0.19047619047619047	1
0.30915551839464883	0.8064516129032258	0.03225806451612903	0.03225806451612903	0.06451612903225806	0.03225806451612903	0.03225806451612903	1
0.458041958041958	0.7333333333333333	0.13333333333333333	0.0	0.0	0.0	0.13333333333333333	1
1.449609375	0.3333333333333333	0.3333333333333333	0.2222222222222222	0.0	0.0	0.0	1
1.1158234425080127	0.75	0.09375	0.09375	0.0	0.03125	0.0	1
0.4671415441176471	0.85	0.05	0.0	0.0	0.0	0.05	1
0.5532177643784787	0.56	0.2	0.14	0.02	0.0	0.02	1
0.5679435483870967	0.47368421052631576	0.3157894736842105	0.21052631578947367	0.0	0.0	0.0	1
0.49436026936026933	0.8125	0.0	0.0625	0.0625	0.0	0.0625	1
1.36357421875	0.35714285714285715	0.0	0.0	0.6428571428571429	0.0	0.0	1
1.0736328125	0.47619047619047616	0.0	0.3333333333333333	0.0	0.047619047619047616	0.0	1
0.41708096590909094	0.6428571428571429	0.21428571428571427	0.07142857142857142	0.07142857142857142	0.0	0.0	1
